accel_var,r2,roughness
1e-12,-0.4334798371270876,0.07357010837245584
1.0530182484712203e-12,-0.4331529831067993,0.0735748031380926
1.1088474316133966e-12,-0.4328098637129414,0.07357974546239822
1.1676365802593455e-12,-0.4324497269646268,0.07358494830693463
1.2295426265956214e-12,-0.4320717921584116,0.07359042530009521
1.294730823078425e-12,-0.4316752494218361,0.07359619080049966
1.3633751835597446e-12,-0.43125925933933607,0.0736022604919105
1.4356589478012107e-12,-0.4308229526617906,0.07360864958846304
1.51177507061566e-12,-0.430365430111755,0.07361537472944861
1.5919267369421578e-12,-0.4298857622975385,0.07362245339916464
1.676327904229336e-12,-0.42938298975017,0.07362990441238632
1.7652038735750071e-12,-0.42885612309847865,0.07363775256345295
1.8587918911465674e-12,-0.42830414339832545,0.07364601245489785
1.9573417814876575e-12,-0.4277260026333418,0.07365470537573321
2.0611166144016713e-12,-0.42712062440526877,0.07366385367519553
2.1703934071921795e-12,-0.4264869048330686,0.07367348081021315
2.2854638641349932e-12,-0.42582371368100636,0.07368361139428654
2.4066351551556875e-12,-0.42512989573653703,0.07369427124772393
2.534230735791306e-12,-0.4244042724596966,0.07370548744915592
2.668591210624893e-12,-0.42364564392626414,0.07371728838823374
2.810075242497918e-12,-0.4228527910873776,0.07372970381939457
2.9590605099274974e-12,-0.42202447836854473,0.07374276831169314
3.1159447152842096e-12,-0.4211594566309447,0.07375651300149318
3.28114664642172e-12,-0.4202564665175741,0.07377097036662436
3.455107294592218e-12,-0.4193142422063316,0.0737861761748101
3.638291031631634e-12,-0.41833151559089177,0.0738021707126868
3.8311868495572925e-12,-0.4173070209089731,0.07381899708315014
4.034309665886777e-12,-0.4162394998355594,0.07383668972055374
4.248201698162608e-12,-0.4151277070563566,0.07385529131405924
4.473433911351653e-12,-0.41397041633351184,0.07387484641512128
4.710607541983278e-12,-0.4127664270722722,0.07389540218762405
4.960355703094552e-12,-0.41151457139270775,0.07391701056298877
5.223345074266832e-12,-0.41021372170570247,0.07393971801763739
5.500277681265236e-12,-0.40886279878692533,0.07396357704791531
5.791892770031264e-12,-0.4074607803355317,0.07398864223836084
6.098968780031447e-12,-0.40600670999777355,0.07401497313480722
6.422325422229369e-12,-0.40449970682723113,0.07404262648738522
6.762825867228134e-12,-0.402938975145156,0.07407166275880339
7.121379049424431e-12,-0.4013238147550644,0.07410214515957791
7.498942093324559e-12,-0.39965363145591515,0.07413413908572238
7.896522868499734e-12,-0.39792794778813545,0.07416771211376517
8.315182680000525e-12,-0.39614641393622385,0.07420293398549502
8.756039101412345e-12,-0.3943088187010899,0.07423987658148631
9.220268958114745e-12,-0.3924151004447016,0.07427861388246057
9.709111468707553e-12,-0.39046535789965664,0.07431922191755698
1.0223871552990265e-11,-0.3884598607262757,0.07436177869862173
1.0765923315324544e-11,-0.3863990596914961,0.07440636413967187
1.133671371267848e-11,-0.38428359633574427,0.07445305996076172
1.1937766417144358e-11,-0.3821143119881849,0.07450194957556244
1.2570685883239907e-11,-0.37989225598605536,0.07455311796207366
1.3237161630851181e-11,-0.3776186929515526,0.07460665151601192
1.3938972755249355e-11,-0.3752951089798868,0.07466263788656168
1.4677992676220676e-11,-0.3729232165945855,0.07472117270938772
1.5456194138987295e-11,-0.37050495833180874,0.07478239959083358
1.6275654480267545e-11,-0.36804250882397027,0.07484642016911654
1.71385611735341e-11,-0.3655382752645844,0.07491327110011468
1.8047217668271667e-11,-0.36299489615120195,0.07498308590990312
1.900404953882229e-11,-0.36041523822106725,0.07505590572198677
2.001161095923095e-11,-0.35780239151514315,0.07513181649777026
2.1072591521376852e-11,-0.3551596625294775,0.07521090797694341
2.2189823414589742e-11,-0.3524905654388424,0.07529336234973733
2.3366288985916965e-11,-0.349798811405003,0.07537920217436841
2.460512870122255e-11,-0.34708829601104885,0.07546853441766851
2.590964952837032e-11,-0.3443630848925623,0.07556141070508877
2.7283333764867695e-11,-0.34162739766594363,0.0756579163986068
2.8729848333536684e-11,-0.33888559028271126,0.07575811604284981
3.025305457102449e-11,-0.33614213596572906,0.07586209567096404
3.185701853528445e-11,-0.3334016049078401,0.07596993477216918
3.3546021859540435e-11,-0.33066864293501697,0.07608170788877441
3.5324573181710536e-11,-0.3279479493538966,0.07619747009393468
3.7197420179798274e-11,-0.3252442542170235,0.07631728176208838
3.9169562245379204e-11,-0.3225622952477061,0.07644123547674998
4.124626382901348e-11,-0.3199067946698686,0.07656940041811522
4.3433068493209625e-11,-0.31728243618627183,0.07670177063223801
4.5735813710450146e-11,-0.31469384234121445,0.07683842971926894
4.816064644578424e-11,-0.3121455524910619,0.07697940539889643
5.071403956558121e-11,-0.30964200158841293,0.07712472584467464
5.34028091162485e-11,-0.3071874999633195,0.07727440925456068
5.6234132519034906e-11,-0.30478621425884134,0.07742845830046967
5.921556772949263e-11,-0.30244214964852056,0.07758692137003183
6.235507341273925e-11,-0.3001591334312217,0.07774979218735405
6.566103018837677e-11,-0.2979408000650008,0.07791706225977225
6.914226300178043e-11,-0.29579057766686745,0.07808871729242599
7.28080646814713e-11,-0.2937116759708678,0.07826474222320365
7.666822074546222e-11,-0.2917070757032325,0.07844511827284453
8.073303552279151e-11,-0.2897795193016417,0.07862982361805057
8.501335965997438e-11,-0.28793150287650193,0.07881883083756634
8.952061908580012e-11,-0.2861652692863912,0.07901210812252202
9.426684551178854e-11,-0.2844828021779988,0.0792096297945084
9.926470854973068e-11,-0.2828858208236056,0.07941134766955919
1.0452754953204358e-10,-0.28137577557669635,0.07961723361036566
1.100694171252208e-10,-0.27995384375912624,0.07982724632782613
1.1590510483144816e-10,-0.2786209257914205,0.080041290657249
1.2205019047848472e-10,-0.2773776413814888,0.08025930285150314
1.2852107780323278e-10,-0.27622432559614296,0.0804812162019477
1.3533504023999307e-10,-0.2751610246543128,0.08070697667034744
1.4251026703029964e-10,-0.2741874913005202,0.08093649784934488
1.5006591177741203e-10,-0.27330317964167095,0.08116969547745077
1.5802214357508708e-10,-0.2725072393592667,0.08140648646321817
1.664002008471059e-10,-0.27179850924218907,0.08164678374827582
1.7522244804127872e-10,-0.27117551002186646,0.0818905070304527
1.84512435329266e-10,-0.2706364365311147,0.08213760594894073
1.9429496147158298e-10,-0.2701791492497787,0.0823879863670333
2.0459614001558955e-10,-0.26980116534351395,0.08264152608217576
2.1544346900318867e-10,-0.269499649346048,0.08289810984739045
2.2686590437430044e-10,-0.2692714036787851,0.08315774163459397
2.388939372620652e-10,-0.26911285924410144,0.08342027851753271
2.5155967538609354e-10,-0.26902006636862397,0.08368548867103988
2.6489692876105297e-10,-0.26898868640939955,0.0839532572385887
2.7894129994936964e-10,-0.2690139843678654,0.08422355695176406
2.937302790989705e-10,-0.2690908228826496,0.08449623229303077
3.0930334401975935e-10,-0.26921365799157426,0.0847711394088763
3.257020655659783e-10,-0.26937653706438325,0.0850480583287294
3.4297021860574505e-10,-0.26957309930987616,0.0853268663523301
3.611538988740117e-10,-0.26979657925336054,0.08560755516766225
3.8030164602086403e-10,-0.27003981356177675,0.0858897667048508
4.004645731836123e-10,-0.2702952515643089,0.08617345081837405
4.2169650342858224e-10,-0.2705549697751828,0.08645839301165659
4.4405411342680366e-10,-0.2708106906731542,0.08674454875873545
4.675970847471333e-10,-0.2710538059289249,0.0870315976012715
4.923882631706752e-10,-0.27127540419853724,0.08731953111359124
5.184938264517686e-10,-0.2714663035186329,0.08760808527257924
5.459834609733822e-10,-0.27161708824987874,0.08789702717981182
5.749305477684458e-10,-0.2717181504198367,0.08818613744644764
6.054123584037256e-10,-0.2717597352182046,0.08847538839656353
6.375102612491218e-10,-0.2717319902980724,0.08876451916772247
6.713099386829804e-10,-0.2716250184394573,0.08905342785106492
7.069016158132743e-10,-0.27142893303851223,0.08934197281705562
7.443803013251697e-10,-0.2711339158002466,0.08962997833334947
7.838460410979094e-10,-0.2707302759372132,0.08991720197627533
8.254041852680173e-10,-0.270208510113765,0.09020364171840026
8.691656694517423e-10,-0.2695593623276109,0.09048932660881254
9.152473108773893e-10,-0.26877388288929804,0.09077386174230673
9.63772120218103e-10,-0.2678434856474927,0.09105716298928665
1.014869629957457e-09,-0.26676000261440413,0.09133911330075098
1.068676240164437e-09,-0.265515735171838,0.09161978793859758
1.1253355826007645e-09,-0.26410350108400005,0.09189922415222393
1.1849989041325974e-09,-0.2625166766074325,0.09217702969768644
1.2478254704700232e-09,-0.26074923307010933,0.09245320350532028
1.3139829913121203e-09,-0.25879576738859655,0.09272781204615803
1.383648068032458e-09,-0.25665152610219066,0.09300095473715257
1.457006665100127e-09,-0.2543124226229172,0.09327252260791909
1.5342546064946296e-09,-0.2517750475272631,0.09354243020738211
1.6155980984398763e-09,-0.24903667184608858,0.09381088923150008
1.7012542798525856e-09,-0.24609524343983002,0.09407769418756294
1.7914518019745372e-09,-0.24294937667331595,0.09434291535867659
1.8864314387358383e-09,-0.23959833572508438,0.09460668559124945
1.986446729478657e-09,-0.23604201197674235,0.09486929990687508
2.0917646557569993e-09,-0.23228089602590352,0.09513083601077446
2.2026663540192407e-09,-0.22831604494934643,0.09539160432279746
2.31944786607582e-09,-0.2241490455092192,0.09565156940417849
2.4424209293554697e-09,-0.21978197404323163,0.0959109254842031
2.571913809059347e-09,-0.21521735380913642,0.09616983739972923
2.7082721744346072e-09,-0.21045811056418273,0.0964288967389359
2.8518600215064735e-09,-0.20550752715229037,0.09668844910952988
3.0030606447318434e-09,-0.20036919784640816,0.09694823094919618
3.1622776601683795e-09,-0.195046983152535,0.09720843753059472
3.3299360828901758e-09,-0.1895449657270747,0.09746928285840675
3.5064834615261294e-09,-0.1838674079931184,0.0977310538319155
3.6923910729495465e-09,-0.1780187119663712,0.0979938363174893
3.888155180308085e-09,-0.1720033817204636,0.09825781065826536
4.094298357752322e-09,-0.16582598883737854,0.09852319951674342
4.311370885398944e-09,-0.1594911411040103,0.09879010367627739
4.5399522182525915e-09,-0.1530034546333643,0.0990586352713928
4.780652533007376e-09,-0.14636752951062637,0.09932897564082292
5.034114356856929e-09,-0.13958792899242134,0.09960127726940506
5.301014282661308e-09,-0.13266916222345837,0.09987584547163318
5.582064775048933e-09,-0.12561567037970267,0.10015283621639386
5.878016072274924e-09,-0.11843181610171549,0.10043247150654226
6.189658188912597e-09,-0.11112187604633861,0.10071471929642745
6.5178230247242886e-09,-0.10369003635910579,0.10099969934030062
6.863386585340562e-09,-0.09614039085311821,0.10128796875897986
7.227271320676189e-09,-0.08847694167181341,0.10157935092595337
7.610448587324692e-09,-0.08070360221185902,0.10187428416119365
8.013941241504921e-09,-0.07282420208697693,0.102172888056066
8.438826369480789e-09,-0.06484249392254493,0.1024746536902836
8.886238162743407e-09,-0.05676216178263016,0.10278008919545081
9.357370945630178e-09,-0.04858683104454675,0.10308943950631021
9.853482363462976e-09,-0.0403200795495684,0.10340232057017813
1.0375896739715823e-08,-0.03196544987106886,0.1037195638875646
1.092600861117378e-08,-0.02352646255213031,0.10404060118179997
1.1505286450519683e-08,-0.015006630172913926,0.104366035264832
1.2115276586285877e-08,-0.006409472113329873,0.10469490985663558
1.2757607330635138e-08,0.002261470121271314,0.10502726215931606
1.3433993325989015e-08,0.011002617144617921,0.10536330380799123
1.4146240122106988e-08,0.019810335641193166,0.10570264836207985
1.4896248995834401e-08,0.028680922168116352,0.10604552125825942
1.5686022026384685e-08,0.03761058695805608,0.10639161872298908
1.6517667439704583e-08,0.04659543788304821,0.10674092323229348
1.739340523618779e-08,0.055631464748310155,0.10709365534357074
1.831557311676062e-08,0.06471452409427414,0.10744985264520175
1.9286632723157837e-08,0.07384032469295843,0.10780906865839628
2.0309176209047348e-08,0.0830044139312689,0.10817143949712264
2.1385933159544418e-08,0.09220216527797931,0.10853667933044214
2.2519777877586006e-08,0.10142876703280224,0.10890462990046769
2.371373705661655e-08,0.11067921255461832,0.10927513588629348
2.4970997860065434e-08,0.11994829216142944,0.1096480531894151
2.629491642918464e-08,0.12923058688671052,0.11002356712968803
2.7689026841957128e-08,0.1385204642655663,0.11040174624984378
2.915705054699024e-08,0.14781207630926618,0.11078317197318414
3.07029062975785e-08,0.15709935980861633,0.11116714945064717
3.233072061245211e-08,0.1663760390850174,0.11155443431611878
3.4044838791136634e-08,0.17563563128335657,0.11194450029697751
3.5849836513327755e-08,0.18487145427305562,0.11233637054094678
3.775053205324392e-08,0.19407663719298485,0.11273029021714825
3.975199914156357e-08,0.2032441336427946,0.11312637877279665
4.185958050927872e-08,0.2123667374878998,0.11352544105173355
4.4078902149620623e-08,0.22143710120828441,0.11392653004677507
4.641588833612782e-08,0.23044775668306572,0.11432856118951408
4.887677743694496e-08,0.23939113826396863,0.11473178677823798
5.146813856756945e-08,0.24825960795228563,0.11513585759425654
5.419688912649593e-08,0.25704548245632486,0.11554076646494751
5.707031326057167e-08,0.26574106187072744,0.11594613730573469
6.009608130935104e-08,0.27433865968625626,0.1163527872044912
6.328227028035675e-08,0.2828306338097064,0.11676031617929118
6.663738540990362e-08,0.2912094182493593,0.11716804511682648
7.017038286703822e-08,0.29946755510275913,0.11757627699287512
7.389069366120352e-08,0.30759772647123207,0.11798539897705844
7.780824881744404e-08,0.3155927859200879,0.11839536364603484
8.193350588635764e-08,0.3234457891051681,0.11880720685461184
8.627747685955876e-08,0.33115002319553766,0.11921945790125195
9.085175756516862e-08,0.3386990347384985,0.11963221091245296
9.56685586218058e-08,0.34608665563649676,0.12004501326497849
1.007407380337002e-07,0.35330702693521976,0.1204576105624886
1.0608183551394483e-07,0.3603546201576443,0.12087006902748679
1.1170610862750628e-07,0.3672242559588583,0.12128267580152514
1.176285708504723e-07,0.37391111992026493,0.12169498292200531
1.2386503164713718e-07,0.3804107753479864,0.12210684418843186
1.304321386719004e-07,0.38671917298779057,0.12251904622952783
1.373474222086399e-07,0.39283265761652886,0.12293104157106344
1.4462934196617915e-07,0.3987479715166289,0.12334242667075385
1.5229733635477083e-07,0.4044622548848589,0.12375331511113921
1.603718743751331e-07,0.40997304326823136,0.1241641986955998
1.688745102585489e-07,0.41527826215802266,0.12457394476056252
1.7782794100389227e-07,0.42037621890681875,0.12498278830067931
1.8725606696516214e-07,0.4252655921628563,0.12539226238936615
1.971840556512642e-07,0.4299454190406313,0.12580239793553624
2.0763840890834584e-07,0.4344150802665946,0.12621289257519958
2.1864703366401695e-07,0.4386742835540284,0.12662482248092352
2.3023931642231108e-07,0.4427230454719815,0.12703723551910276
2.424462017082331e-07,0.4465616720798272,0.12744926324211447
2.5530027467130326e-07,0.4501907386019379,0.12786073433211367
2.688358480685972e-07,0.4536110684166226,0.1282710610338287
2.8308905385946875e-07,0.4568237116301662,0.1286817566608945
2.9809793965647276e-07,0.4598299235011222,0.12909410302093202
3.1390257028993846e-07,0.46263114297216246,0.12950668122691947
3.3054513475732446e-07,0.4652289715572929,0.1299177709615827
3.480700588428413e-07,0.46762515282130024,0.13032733800944785
3.665241237079626e-07,0.46982155267617576,0.13073562512278972
3.859565907694077e-07,0.47182014070619616,0.13114325077770597
4.064193331979244e-07,0.4736229727194039,0.13155146420707783
4.2796697438891965e-07,0.47523217470852186,0.13195855185356362
4.5065703377454776e-07,0.47664992838892495,0.13236490369780946
4.7455008036650893e-07,0.47787845846513577,0.1327713334673637
4.997098944394181e-07,0.4789200217603743,0.13317823689660716
5.262036377863333e-07,0.479776898326003,0.1335843625048266
5.541020330009492e-07,0.480451384629103,0.1339890076546487
5.834795522650018e-07,0.48094578889693507,0.13439387117666898
6.144146161448628e-07,0.4812624286765821,0.13479848740820807
6.469898029279807e-07,0.48140363064663005,0.13520238329318746
6.812920690579608e-07,0.48137173269528843,0.13560664921464455
7.174129812567476e-07,0.4811690882559394,0.13601095489966888
7.554489609534968e-07,0.4807980728667284,0.13641501697318717
7.955015416726529e-07,0.4802610928956017,0.13681877302815104
8.376776400682924e-07,0.47956059634623605,0.13722193110673284
8.820898413282168e-07,0.4786990856337734,0.13762408544570848
9.288566997096955e-07,0.47767913219233793,0.13802568446006264
9.781030550090598e-07,0.47650339274924614,0.13842773895065844
1.0299603658099899e-06,0.47517462707384495,0.1388289521969717
1.084567060400013e-06,0.4736957169824184,0.13923077526613212
1.1420689062919995e-06,0.47206968635487867,0.13963370240629852
1.2026193993370436e-06,0.47029972189445557,0.14003677005576773
1.2663801734674021e-06,0.46838919433876114,0.14044040966349433
1.333521432163324e-06,0.466341679809849,0.14084420382405788
1.4042224027954567e-06,0.4641609809728221,0.14124795841994975
1.4786718150557173e-06,0.4618511476575511,0.14165078149620228
1.5570684047537317e-06,0.45941649658682293,0.14205423584108906
1.6396214443236483e-06,0.4568616298471364,0.14245828230039617
1.7265513014575407e-06,0.45419145173596986,0.1428634064027779
1.8180900273565254e-06,0.45141118362210286,0.14326886487480567
1.9144819761699575e-06,0.44852637646382365,0.14367489875691702
2.0159844572762095e-06,0.4455429206439635,0.14408192552067903
2.1228684221461933e-06,0.4424670528007969,0.14448922760608238
2.2354191876232477e-06,0.4393053593600491,0.1448968229657856
2.3539371975499905e-06,0.436064776505495,0.14530535260808392
2.478738824775339e-06,0.432752586363647,0.1457152840927132
2.6101572156825386e-06,0.42937640922153597,0.1461274522904213
2.7485431794925383e-06,0.425944191644979,0.14654079967011313
2.894266124716752e-06,0.42246419041737093,0.14695557780933186
3.047715045258814e-06,0.41894495227512873,0.14737220647239194
3.2092995587978227e-06,0.41539528947449567,0.1477905431922333
3.3794510002247434e-06,0.4118242512844862,0.14821015874961527
3.5586235730509655e-06,0.4082410915611945,0.1486317195266279
3.747295561862524e-06,0.4046552326183792,0.14905538581076455
3.945970609056444e-06,0.4010762256670398,0.14948484952235377
4.155179059267531e-06,0.39751370815146403,0.14991764291648446
4.375479375074189e-06,0.39397735835989833,0.1503529129259873
4.607459627762563e-06,0.3904768477336139,0.1507909091887155
4.851739067128395e-06,0.38702179133777903,0.15123118224493579
5.108969774506924e-06,0.3836216969905142,0.15167477006472643
5.379838403443687e-06,0.3802859135721368,0.1521219842527445
5.665068012652478e-06,0.37702357905452666,0.15257213169242836
5.965419996153637e-06,0.37384356880037695,0.15302685058780577
6.281696115744897e-06,0.3707544446838351,0.15348602194560693
6.6147406412301455e-06,0.36776440557761925,0.15395002853283343
6.965442604119565e-06,0.36488123973739983,0.1544183732535312
7.334738170816785e-06,0.3621122795923427,0.1548923213715349
7.723613141628494e-06,0.35946435942175403,0.15537202383170265
8.133105582266935e-06,0.35694377636227403,0.15585681144448515
8.564308594870216e-06,0.3545562551487985,0.15634759043755964
9.018373235937252e-06,0.3523069169459764,0.1568444637447589
9.496511588966358e-06,0.3502002525766299,0.15734738907716037
1e-05,0.3482401003996205,0.15785631614965376
1.0530182484712204e-05,0.3464296290334671,0.15837048397074294
1.1088474316133944e-05,0.3447713250643347,0.1588898196610776
1.1676365802593479e-05,0.3432669858187597,0.1594156818255025
1.2295426265956215e-05,0.341917717223546,0.15994767174681468
1.2947308230784251e-05,0.34072393671850765,0.1604867721841674
1.3633751835597446e-05,0.33968538113292635,0.16103171687316553
1.4356589478012079e-05,0.33880111938447044,0.16158370199935315
1.511775070615663e-05,0.3380695698105044,0.1621435234672941
1.5919267369421577e-05,0.33748852189680223,0.16271137933605664
1.676327904229336e-05,0.3370551621280533,0.16328771425544616
1.765203873575007e-05,0.3367661036486832,0.16387095093263204
1.8587918911465637e-05,0.3366174193915483,0.16446217498826432
1.9573417814876617e-05,0.3366046783062928,0.16506138063270576
2.0611166144016713e-05,0.3367229842985612,0.16566806070988135
2.1703934071921795e-05,0.33696701747588753,0.1662836201290195
2.2854638641349885e-05,0.3373310772858281,0.16690842695599845
2.4066351551556925e-05,0.3378091271265946,0.1675420419584917
2.534230735791311e-05,0.33839484000989317,0.16818458335353367
2.6685912106248927e-05,0.3390816448595837,0.1688357194819427
2.810075242497918e-05,0.33986277303785484,0.16949533919448656
2.9590605099274912e-05,0.3407313047025319,0.17016491277211682
3.115944715284203e-05,0.34168021461454134,0.1708452550739863
3.281146646421727e-05,0.342702417033092,0.17153781163049872
3.455107294592218e-05,0.34379080935745177,0.1722401969763044
3.6382910316316344e-05,0.34493831419792875,0.17295128290859216
3.831186849557285e-05,0.3461379195844919,0.17367114675636602
4.034309665886785e-05,0.3473827170490419,0.17440002176842503
4.2482016981626165e-05,0.3486659373463664,0.1751378551163253
4.473433911351653e-05,0.34998098360899044,0.17588494202053942
4.710607541983278e-05,0.35132146176216683,0.1766428582744696
4.960355703094542e-05,0.35268120805688774,0.17741090151689273
5.2233450742668436e-05,0.354054313610763,0.1781886347365556
5.5002776812652363e-05,0.35543514587863745,0.17897643197014412
5.7918927700312644e-05,0.3568183670066648,0.17977577973273437
6.0989687800314467e-05,0.358198949054945,0.180585342605038
6.422325422229356e-05,0.35957218610450725,0.18140596715644608
6.762825867228147e-05,0.36093370329411323,0.1822388735411433
7.12137904942443e-05,0.36227946286077184,0.1830829354608957
7.498942093324559e-05,0.3636057672847728,0.18393744518443272
7.896522868499733e-05,0.36490925966510135,0.18480318206664761
8.315182680000508e-05,0.3661869214741137,0.18568015533650328
8.756039101412364e-05,0.3674360678610006,0.18656739236767822
9.220268958114746e-05,0.36865434069164293,0.18746775610851582
9.709111468707553e-05,0.36983969952774776,0.18838002136402385
0.00010223871552990265,0.37099041076045647,0.18930338465762309
0.00010765923315324544,0.3721050351228081,0.19023762687847934
0.0001133671371267848,0.373182413811437,0.1911835957515215
0.00011937766417144357,0.37422165345062064,0.19214120587971503
0.00012570685883239906,0.3752221101313332,0.1931099144898795
0.00013237161630851182,0.3761833727543379,0.19409013318496415
0.00013938972755249356,0.37710524589974315,0.1950824123683871
0.00014677992676220676,0.3779877324360318,0.19608722752889024
0.00015456194138987296,0.3788310160696011,0.1971045869682262
0.00016275654480267542,0.3796354440216454,0.1981370067726729
0.00017138561173534099,0.38040151000307976,0.19918256131531806
0.00018047217668271738,0.3811298376405462,0.20024098285265268
0.0001900404953882229,0.38182116448774084,0.20131163672279279
0.0002001161095923095,0.382476326736765,0.20239425081925624
0.00021072591521376853,0.3830962447243301,0.2034889742847049
0.0002218982341458974,0.3836819093078483,0.2045966923608509
0.00023366288985916965,0.38423436916708176,0.20571809447709263
0.00024605128701222546,0.3847547190684475,0.2068550369462967
0.0002590964952837032,0.385244089111603,0.20800602048883127
0.00027283333764867697,0.3857036349618209,0.2091721887049074
0.00028729848333536686,0.3861345290571253,0.2103525997835427
0.00030253054571024486,0.3865379527663708,0.21154604863887982
0.0003185701853528445,0.3869150894634996,0.2127527091493017
0.00033546021859540435,0.38726711847417905,0.2139736231359783
0.00035324573181710537,0.38759520984391593,0.21520790540902365
0.00037197420179798274,0.3879005198714909,0.21645563926422062
0.0003916956224537904,0.3881841873481102,0.21771728114705133
0.00041246263829013477,0.38844733044088553,0.21899272519115573
0.00043433068493209625,0.38869104415896427,0.22028158224047997
0.0004573581371045014,0.38891639834168545,0.221584696028619
0.00048160646445784234,0.3891244361103088,0.2229019588591345
0.0005071403956558121,0.3893161727279588,0.2242326362872213
0.000534028091162485,0.38949259481622,0.225577335878678
0.0005623413251903491,0.389654659881123,0.2269355964030498
0.0005921556772949263,0.38980329610584386,0.22830702370313352
0.0006235507341273925,0.3899394023721462,0.22969191596220068
0.0006566103018837677,0.3900638484772314,0.23109040651775142
0.0006914226300178043,0.390177475517114,0.23250276342440807
0.000728080646814713,0.3902810964117459,0.23392930800586226
0.0007666822074546222,0.39037549655082626,0.23537087024324369
0.0008073303552279151,0.3904614345424485,0.2368259999669572
0.0008501335965997438,0.3905396430494251,0.23829503866551843
0.0008952061908580012,0.39061082970029115,0.23977816682605255
0.0009426684551178855,0.3906756780635833,0.24127500883328215
0.0009926470854973069,0.3907348486751012,0.24278682721505376
0.0010452754953204357,0.3907889801084654,0.2443124823155155
0.001100694171252208,0.3908386900794947,0.24585139062688893
0.0011590510483144817,0.3908845765747657,0.24740400277636052
0.0012205019047848472,0.39092721899426897,0.2489705658369638
0.001285210778032328,0.39096717929743197,0.2505509438347715
0.0013533504023999362,0.3910050031409781,0.25214678493199083
0.0014251026703029964,0.39104122099625205,0.2537561253643638
0.0015006591177741202,0.3910763492328061,0.2553785968042325
0.0015802214357508709,0.39111089115429165,0.25701406874714
0.001664002008471059,0.39114533797211115,0.2586626473010546
0.0017522244804127874,0.39118016970189184,0.26032457610959264
0.00184512435329266,0.39121585596772745,0.26200057089850326
0.00194294961471583,0.3912528566993194,0.2636935953618492
0.0020459614001558956,0.39129162270769813,0.265402873162041
0.002154434690031887,0.39133259612612115,0.2671258223193376
0.0022686590437430046,0.3913762107040851,0.26886235193806396
0.0023889393726206523,0.3914228919441384,0.27061333300553514
0.002515596753860935,0.39147305707334645,0.2723781276974868
0.0026489692876105297,0.3915271148438555,0.27415622414185203
0.0027894129994936964,0.3915854651599576,0.27594795121567645
0.002937302790989693,0.39164849853237627,0.27775327253780396
0.0030930334401975935,0.3917165953640894,0.27957260248880467
0.0032570206556597828,0.39179012507582567,0.2814077058117766
0.0034297021860574504,0.39186944508331223,0.28325731532543647
0.003611538988740132,0.3919548996423208,0.2851217419517252
0.0038030164602086405,0.3920468185814414,0.2869998522205079
0.004004645731836123,0.39214551594617353,0.2888911702517566
0.004216965034285823,0.392251288581249,0.29079723103596206
0.004440541134268036,0.3923644146809382,0.2927169805611966
0.004675970847471333,0.3924851523393341,0.29465015973275027
0.004923882631706731,0.3926137381341378,0.2965965029719789
0.005184938264517686,0.3927503857781689,0.2985559762408393
0.005459834609733822,0.39289528487264647,0.3005308221503325
0.005749305477684458,0.3930485997951644,0.30251984331566995
0.006054123584037281,0.39321046875320476,0.3045233326237163
0.006375102612491218,0.39338100303101864,0.3065408301336212
0.006713099386829804,0.393560286453809,0.30857175744747334
0.007069016158132743,0.39374837508846117,0.3106163889405724
0.007443803013251696,0.3939452971947125,0.31267503197661306
0.007838460410979093,0.39415105343478796,0.31474978757982525
0.008254041852680173,0.394365617343321,0.3168386186266077
0.008691656694517422,0.3945889360530497,0.31894209283206243
0.009152473108773892,0.3948209312654948,0.3210592097242033
0.009637721202181029,0.3950615004498298,0.3231922356973893
0.010148696299574612,0.39531051824762475,0.3253399956249681
0.01068676240164437,0.3955678380562476,0.327503704171045
0.011253355826007646,0.3958332937596508,0.32968184982108645
0.011849989041325974,0.39610670157210426,0.3318728975579967
0.012478254704700233,0.3963878619583192,0.3340771291447571
0.013139829913121204,0.39667656159234754,0.3362950362789788
0.013836480680324581,0.39697257531766184,0.33852728154562944
0.014570066651001268,0.39727566807188697,0.34077307622051395
0.015342546064946295,0.39758559674171146,0.3430320706730779
0.01615598098439876,0.3979021119164291,0.34530346762698455
0.01701254279852586,0.3982249595122489,0.34758638644098383
0.01791451801974537,0.3985538822437914,0.3498810910139012
0.018864314387358385,0.3988886209239244,0.3521864769044375
0.01986446729478657,0.3992289155780786,0.3545022324946246
0.02091764655756999,0.39957450636431113,0.3568287713372093
0.022026663540192316,0.399925134295423,0.3591651331682101
0.023194478660758203,0.4002805417643146,0.36151051782758914
0.024424209293554697,0.4006404728783035,0.36386376367255824
0.02571913809059347,0.40100467361224224,0.3662267181610378
0.027082721744346182,0.4013728917939037,0.3685964208303747
0.028518600215064735,0.4017448769381472,0.37097228379920144
0.030030606447318434,0.40212037994885697,0.37335500219471357
0.03162277660168379,0.4024991527095061,0.37574222648187605
0.03329936082890176,0.40288094758448345,0.3781374977086519
0.03506483461526129,0.4032655168540382,0.38053527029121226
0.036923910729495316,0.40365261210587566,0.38293556992069744
0.03888155180308085,0.4040419836061776,0.3853363964929853
0.04094298357752322,0.4044333796720839,0.3877361749875244
0.04311370885398944,0.40482654606662216,0.3901366050709969
0.0453995221825261,0.4052212254356736,0.3925361791910229
0.047806525330073756,0.40561715680492416,0.39493330141035377
0.050341143568569294,0.4060140751529022,0.3973274125174907
0.05301014282661308,0.40641171107418594,0.3997159028407436
0.05582064775048933,0.4068097905447322,0.4020991109659863
0.05878016072274924,0.40720803479905054,0.40447441027466796
0.06189658188912597,0.4076061603266654,0.4068400657612452
0.06517823024724288,0.40800387899300083,0.4091939292443587
0.06863386585340563,0.40840089828750026,0.4115355371262634
0.07227271320676189,0.40879692169950177,0.41386448013487
0.07610448587324724,0.40919164922013407,0.41617969993816445
0.08013941241504921,0.4095847779663011,0.41848074955661585
0.08438826369480788,0.40997600292073655,0.4207637009698118
0.08886238162743407,0.41036501778011314,0.42302850353202387
0.09357370945630178,0.41075151590135583,0.4252770200451426
0.09853482363462977,0.41113519133463383,0.4275051496676737
0.10375896739715802,0.41151573993002566,0.42971187708801334
0.10926008611173779,0.41189286050359986,0.43189657985281804
0.11505286450519683,0.4122662560476372,0.43405642208580286
0.12115276586285902,0.4126356349689839,0.436189209175716
0.12757607330635112,0.41300071233905655,0.438293165229095
0.13433993325988988,0.4133612111388585,0.4403682093618956
0.14146240122106987,0.41371686348249537,0.4424166127624849
0.14896248995834402,0.414067411803107,0.4444346461476401
0.15686022026384716,0.41441260998585217,0.4464188632974526
0.1651766743970455,0.4147522244335682,0.4483715337606294
0.1739340523618779,0.41508603505195973,0.45029165405877014
0.1831557311676062,0.4154138361426354,0.4521760567788934
0.19286632723157837,0.41573543719393224,0.45402453537063275
0.2030917620904739,0.41605066356125464,0.45583563562131696
0.21385933159544374,0.41635935703053406,0.45760848488912087
0.22519777877586006,0.41666137626033684,0.4593434515023186
0.23713737056616552,0.4169565971000996,0.4610400353594662
0.24970997860065433,0.41724491278387965,0.4626969918768394
0.26294916429184695,0.41752623400083777,0.46431423956834833
0.2768902684195707,0.4178004888454032,0.4658925109362382
0.2915705054699024,0.41806762265164954,0.4674319283456617
0.30702906297578497,0.4183275977178238,0.46893132105827534
0.32330720612452113,0.41858039292820726,0.4703902534781962
0.340448387911367,0.4188260032804956,0.4718097790562282
0.3584983651332768,0.41906443932771587,0.47318812508251645
0.3775053205324392,0.4192957265442937,0.47452588640394716
0.3975199914156357,0.41951990462627875,0.4758238233551737
0.41859580509278727,0.41973702673594315,0.47708352527295506
0.44078902149620713,0.4199471587009693,0.4783048603602017
0.46415888336127725,0.4201503781782989,0.4794878567812084
0.4887677743694496,0.4203467737923986,0.4806323617852584
0.5146813856756944,0.42053644425726666,0.48173937451163273
0.5419688912649604,0.4207194974909647,0.48280874275004043
0.5707031326057179,0.42089604973082095,0.48384143761884507
0.6009608130935092,0.42106622465676424,0.4848380907807361
0.6328227028035674,0.4212301525295028,0.4857993731043539
0.6663738540990363,0.42138796934950173,0.48672571037905565
0.7017038286703837,0.42153981604193214,0.4876177625421667
0.7389069366120367,0.42168583767200796,0.4884766187429461
0.7780824881744387,0.4218261826943617,0.4893026191520866
0.8193350588635765,0.4219610022394118,0.4900966138605723
0.8627747685955875,0.4220904494389799,0.4908595716416668
0.908517575651688,0.42221467879278873,0.49159426247477267
0.956685586218056,0.42233384557689235,0.49229975781715946
1.007407380337,0.422448105294557,0.4929766924463846
1.0608183551394483,0.42255761316964036,0.49362589264258644
1.1170610862750627,0.42266252368209933,0.4942483634673276
1.1762857085047254,0.4227629901448955,0.49484489455332353
1.2386503164713694,0.4228591643212568,0.49541646106475296
1.304321386719004,0.42295119608099685,0.495963863369674
1.373474222086399,0.4230392330943844,0.49648787469655475
1.4462934196617916,0.4231234205618818,0.4969895428519349
1.5229733635477114,0.42320390097795635,0.4974694498178563
1.6037187437513276,0.4232808139270673,0.49792837806049384
1.688745102585489,0.4233542959098825,0.49836708585963213
1.7782794100389228,0.4234244801977427,0.49878647836082607
1.8725606696516215,0.42349149671339725,0.499187194104419
1.971840556512646,0.42355547193604093,0.49956991944040813
2.0763840890834544,0.423616528828728,0.4999354365338398
2.1864703366401694,0.42367478678628434,0.5002844886163516
2.3023931642231106,0.42373036160190225,0.5006176358871206
2.424462017082331,0.4237833654506795,0.5009355126506011
2.553002746713038,0.4238339068884337,0.5012388235363092
2.6883584806859666,0.42388209086422113,0.5015282130911067
2.8308905385946876,0.42392801874506614,0.5018041676228533
2.9809793965647278,0.4239717883515074,0.5020673428431667
3.1390257028993847,0.424013494002646,0.5023183507282541
3.3054513475732517,0.42405322656948763,0.5025576030343076
3.480700588428406,0.4240910735354426,0.5027856276602203
3.665241237079626,0.42412711906294576,0.5030029021109453
3.8595659076940767,0.42416144406523937,0.5032098998906445
4.0641933319792525,0.42419412628244246,0.5034070814565801
4.2796697438892055,0.42422524036110365,0.5035948545631685
4.506570337745469,0.42425485793651774,0.5037736472229193
4.745500803665089,0.424283047717144,0.5039441660891641
4.997098944394181,0.42430987557053457,0.5041064897821588
5.262036377863344,0.4243354046102479,0.5042610001370296
5.541020330009503,0.4243596952832649,0.5044080725206513
5.834795522650007,0.4243828054574956,0.5045480299551098
6.144146161448629,0.4244047905089987,0.5046812219694278
6.469898029279807,0.4244257034085882,0.5048079625868993
6.812920690579622,0.4244455948075442,0.504928537081377
7.174129812567461,0.42446451312217937,0.5050432530494958
7.5544896095349525,0.42448250461704784,0.5051523859305523
7.955015416726528,0.42449961348661847,0.5052561834320453
8.376776400682925,0.42451588193525525,0.5053548989529214
8.820898413282187,0.42453135025538724,0.5054487745718425
9.288566997096936,0.4245460569037566,0.5055380414838777
9.781030550090598,0.4245600385756698,0.5056229204272106
10.2996036580999,0.4245733302771849,0.5057036220993331
10.84567060400013,0.42458596539519244,0.5057803624401326
11.420689062920019,0.4245979757653574,0.505853327803671
12.026193993370411,0.42460939173790446,0.5059226905650858
12.663801734674022,0.4246202422412405,0.5059886252525901
13.33521432163324,0.42463055484342027,0.506051298263115
14.042224027954568,0.42464035581146664,0.5061108682097244
14.786718150557203,0.4246496701685659,0.506167486257293
15.570684047537284,0.4246585217491682,0.5062212964465104
16.396214443236484,0.42466693325202354,0.5062724360063304
17.265513014575408,0.42467492629119286,0.5063210356550146
18.180900273565253,0.4246825214450759,0.5063672198899482
19.144819761699615,0.42468973830350143,0.5064111072664318
20.15984457276205,0.4246965955129274,0.5064528106656824
21.228684221461933,0.4247031108197994,0.5064924375522777
22.354191876232477,0.42470930111212546,0.506530090221314
23.539371975499904,0.4247151824593104,0.5065658660355363
24.78738824775344,0.4247207701503115,0.5065998576527313
26.101572156825334,0.4247260787301652,0.5066321532436592
27.485431794925383,0.42473112203494157,0.5066628367008191
28.942661247167518,0.42473591322517823,0.5066919878383388
30.477150452588205,0.4247404648178482,0.506719682583283
32.092995587978294,0.4247447887169159,0.5067459965625488
33.794510002247364,0.4247488962425322,0.5067709971738901
35.58623573050966,0.4247527981589203,0.506794747366356
37.472955618625235,0.4247565047010038,0.5068173092840629
39.459706090564524,0.42476002559982595,0.5068387420213448
41.551790592675395,0.424763370106806,0.5068591017686424
43.7547937507418,0.4247665470168859,0.5068784419517843
46.07459627762563,0.42476956469060434,0.5068968133649233
48.51739067128395,0.4247724310751504,0.5069142642973836
51.089697745069344,0.4247751537244354,0.5069308406546675
53.79838403443676,0.4247777398182263,0.506946586073862
56.65068012652466,0.4247801961803802,0.5069615420336843
59.65419996153637,0.42478252929621974,0.5069757479593866
62.816961157448965,0.42478474532908617,0.5069892413227451
66.14740641230159,0.42478685013610784,0.507002057737346
69.6544260411955,0.4247888492832158,0.5070142310493687
73.34738170816784,0.42479074805944506,0.5070257934240692
77.23613141628493,0.4247925514905485,0.5070367754281528
81.33105582266936,0.42479426435195955,0.5070472061082172
85.64308594870234,0.4247958911811285,0.5070571130654462
90.18373235937234,0.42479743628926503,0.5070665225267204
94.96511588966358,0.4247989037725134,0.5070754594123104
100.0,0.4248002975225844,0.5070839474003088
