accel_var,model,r2,roughness
1e-12,0,0.2142042250113655,0.09769720968093454
1e-12,1,0.2493247907621262,0.08580895964174336
1e-12,2,0.24421312111589621,0.09464046524222663
1e-12,3,0.25288687050048053,0.08722737526256526
1e-12,4,0.27385889803636654,0.08448399386811925
1e-12,5,0.2458675691991825,0.08417832355779628
1e-12,6,0.275249408405593,0.09160855208474415
1e-12,7,0.2589919688266977,0.0865104079304904
1e-12,8,0.21278673749339716,0.09364692917887293
1e-12,9,0.24487032534583186,0.07910687740112202
1e-12,10,0.2824911467242419,0.08900468021675907
1e-12,11,0.24660198955382895,0.08711604397771094
1e-12,12,0.2661732216436181,0.08957190993230374
1e-12,13,0.249817049475355,0.08403317279745913
1e-12,14,0.2363521818832729,0.08877599550994462
1.3530477745798075e-12,0,0.21447204528684782,0.09773174832152624
1.3530477745798075e-12,1,0.24960137739299681,0.08583215302036666
1.3530477745798075e-12,2,0.24443104405573535,0.09466463777908307
1.3530477745798075e-12,3,0.25307465646113914,0.08724880151453122
1.3530477745798075e-12,4,0.27402728068003734,0.08450933834963252
1.3530477745798075e-12,5,0.2459985051544301,0.08421231014979173
1.3530477745798075e-12,6,0.27545824646216466,0.09163565875694815
1.3530477745798075e-12,7,0.2591628909555842,0.08653287725872186
1.3530477745798075e-12,8,0.2129636204280172,0.09367591799959613
1.3530477745798075e-12,9,0.24503056268332235,0.07912500605624065
1.3530477745798075e-12,10,0.2827364611380747,0.08903218445230054
1.3530477745798075e-12,11,0.24685686676713336,0.08714431087253897
1.3530477745798075e-12,12,0.26642562530919545,0.08960044253910568
1.3530477745798075e-12,13,0.24995592307515802,0.08404964153204417
1.3530477745798075e-12,14,0.236543065291564,0.08879740300852555
1.8307382802953697e-12,0,0.21482831075396647,0.0977784103652663
1.8307382802953697e-12,1,0.24997087216453628,0.0858635479131909
1.8307382802953697e-12,2,0.24472241081177604,0.09469727881095337
1.8307382802953697e-12,3,0.25332601496400864,0.08727774412727846
1.8307382802953697e-12,4,0.2742525960607528,0.0845435323536556
1.8307382802953697e-12,5,0.24617400876897433,0.08425811532939081
1.8307382802953697e-12,6,0.27573736171779284,0.09167222950422534
1.8307382802953697e-12,7,0.25939175159347705,0.08656321021873324
1.8307382802953697e-12,8,0.21320067177774749,0.09371502470377838
1.8307382802953697e-12,9,0.24524542427841012,0.07914951582192599
1.8307382802953697e-12,10,0.28306436946584956,0.08906928429783624
1.8307382802953697e-12,11,0.2471979283845186,0.08718246197596526
1.8307382802953697e-12,12,0.2667623694402528,0.08963895467621047
1.8307382802953697e-12,13,0.2501419242699464,0.08407190897166819
1.8307382802953697e-12,14,0.2367984508043932,0.0888263594049478
2.477076355991714e-12,0,0.21529959039358626,0.09784140716905827
2.477076355991714e-12,1,0.2504623827806878,0.08590603895748525
2.477076355991714e-12,2,0.24511041981728188,0.0947413174168825
2.477076355991714e-12,3,0.25366124699816095,0.08731681259534317
2.477076355991714e-12,4,0.27455297076052343,0.0845896274065554
2.477076355991714e-12,5,0.246408499338175,0.08431975611758614
2.477076355991714e-12,6,0.2761088791107067,0.09172152046064035
2.477076355991714e-12,7,0.2596971148494748,0.08660412729024845
2.477076355991714e-12,8,0.21351733356979485,0.09376769855730481
2.477076355991714e-12,9,0.24553264650794338,0.07918264078391356
2.477076355991714e-12,10,0.28350089842468995,0.08911925556120368
2.477076355991714e-12,11,0.24765261819394835,0.0872338647519282
2.477076355991714e-12,12,0.26720955316269535,0.08969088130255377
2.477076355991714e-12,13,0.25039019273425767,0.08410200567509041
2.477076355991714e-12,14,0.2371388442040243,0.08886554500285451
3.351602650938848e-12,0,0.21591851943037887,0.09792659974433958
3.351602650938848e-12,1,0.2511125578313713,0.0859635268061357
3.351602650938848e-12,2,0.24562442556307607,0.09480069269381626
3.351602650938848e-12,3,0.2541062066067943,0.08736949569173551
3.351602650938848e-12,4,0.27495145066350046,0.08465170839903363
3.351602650938848e-12,5,0.24672048182970152,0.08440249940312924
3.351602650938848e-12,6,0.27660075037040266,0.09178786593286058
3.351602650938848e-12,7,0.2601026755080269,0.08665926048686741
3.351602650938848e-12,8,0.21393854547309565,0.09383852857058458
3.351602650938848e-12,9,0.2459150374943756,0.07922739579727456
3.351602650938848e-12,10,0.28407893591749567,0.08918644570008097
3.351602650938848e-12,11,0.24825582782985378,0.08730308175450491
3.351602650938848e-12,12,0.2677998191471229,0.08976083301815241
3.351602650938848e-12,13,0.2507200802320144,0.08414266435524156
3.351602650938848e-12,14,0.2375902911080816,0.08891848728722551
4.534878508128591e-12,0,0.21672387788617742,0.09804136862783572
4.534878508128591e-12,1,0.25196640762042766,0.08604126794942764
4.534878508128591e-12,2,0.24630072866028851,0.09488054968735156
4.534878508128591e-12,3,0.25469314064369464,0.08744043081808467
4.534878508128591e-12,4,0.2754767186073156,0.08473507934079412
4.534878508128591e-12,5,0.2471332719434005,0.08451328369928438
4.534878508128591e-12,6,0.27724748233075514,0.09187692631855597
4.534878508128591e-12,7,0.2606380829729702,0.086733456696848
4.534878508128591e-12,8,0.21449572237386982,0.09393357538226936
4.534878508128591e-12,9,0.24642140950625835,0.07928782538663695
4.534878508128591e-12,10,0.2848390782417959,0.08927656481487818
4.534878508128591e-12,11,0.2490509763728297,0.087396005498114
4.534878508128591e-12,12,0.26857293339402377,0.08985479325373168
4.534878508128591e-12,13,0.2511558455944026,0.08419753674111723
4.534878508128591e-12,14,0.23818516198480721,0.0889899005820704
6.135907273413163e-12,0,0.21775975447565954,0.09819529501288211
6.135907273413163e-12,1,0.25307740070741036,0.08614643825692207
6.135907273413163e-12,2,0.24718286753774,0.09498768140745503
6.135907273413163e-12,3,0.2554611669449506,0.08753574639077154
6.135907273413163e-12,4,0.27616347933267227,0.08484667011085494
6.135907273413163e-12,5,0.24767553009720578,0.08466107498026376
6.135907273413163e-12,6,0.27809039948063896,0.09199609794012369
6.135907273413163e-12,7,0.2613394766520577,0.08683307739314848
6.135907273413163e-12,8,0.2152274907641668,0.0940605819615449
6.135907273413163e-12,9,0.24708729497867477,0.07936927569896077
6.135907273413163e-12,10,0.2858299003836182,0.08939702784486558
6.135907273413163e-12,11,0.2500905657036475,0.08752031887088332
6.135907273413163e-12,12,0.26957569819451976,0.089980587936333
6.135907273413163e-12,13,0.25172712325540547,0.08427148001766985
6.135907273413163e-12,14,0.2389625376591099,0.0890861266460913
8.302175681319735e-12,0,0.21907340166261735,0.098401117052487
8.302175681319735e-12,1,0.25450627564828576,0.08628814518778007
8.302175681319735e-12,2,0.24832098693827653,0.09513082009602339
8.302175681319735e-12,3,0.25645601872408286,0.08766338519283076
8.302175681319735e-12,4,0.27705219434042805,0.08499538365457539
8.302175681319735e-12,5,0.2483813366835912,0.08485727380557145
8.302175681319735e-12,6,0.2791770700328966,0.09215480939618394
8.302175681319735e-12,7,0.2622494145710792,0.08696620330671688
8.302175681319735e-12,8,0.21617985117809557,0.09422951905403203
8.302175681319735e-12,9,0.24795511305326856,0.07947895783019754
8.302175681319735e-12,10,0.2871071752425358,0.089557321000507
8.302175681319735e-12,11,0.25143568967939844,0.0876858446737221
8.302175681319735e-12,12,0.27086079616002834,0.09014815161742365
8.302175681319735e-12,13,0.25246890225228336,0.08437088048894911
8.302175681319735e-12,14,0.2399678142925179,0.08921552618911623
1.1233240329780266e-11,0,0.22071161325570965,0.09867452893701488
1.1233240329780266e-11,1,0.2563179839546077,0.08647837963983068
1.1233240329780266e-11,2,0.24976983148365495,0.09532091929832773
1.1233240329780266e-11,3,0.25772861831878446,0.08783350561539795
1.1233240329780266e-11,4,0.2781878237010853,0.08519243015346911
1.1233240329780266e-11,5,0.24928944514527973,0.08511590046601057
1.1233240329780266e-11,6,0.2805595303669497,0.09236482699222641
1.1233240329780266e-11,7,0.2634158193526289,0.08714335408174148
1.1233240329780266e-11,8,0.2174053305906153,0.09445284856299466
1.1233240329780266e-11,9,0.24907331955368484,0.07962635293362798
1.1233240329780266e-11,10,0.28873154895658704,0.08976915988397943
1.1233240329780266e-11,11,0.25315387140783563,0.08790490746037817
1.1233240329780266e-11,12,0.27248427208941683,0.09036986798482811
1.1233240329780266e-11,13,0.2534206987805172,0.08450402191274227
1.1233240329780266e-11,14,0.2412510918035803,0.0893886871224624
1.519911082952933e-11,0,0.22271600910267086,0.09903395260172308
1.519911082952933e-11,1,0.25857643891620663,0.08673182578462188
1.519911082952933e-11,2,0.25158511002675843,0.09557128997299612
1.519911082952933e-11,3,0.2593321495264982,0.08805874553570808
1.519911082952933e-11,4,0.2796173892059701,0.08545126108117211
1.519911082952933e-11,5,0.25044132554001874,0.08545416105793968
1.519911082952933e-11,6,0.28229115737431054,0.09264054229876262
1.519911082952933e-11,7,0.26488965035574985,0.08737731843090753
1.519911082952933e-11,8,0.21896068677573277,0.09474569983369183
1.519911082952933e-11,9,0.25049401825055284,0.07982332296661286
1.519911082952933e-11,10,0.290764417392704,0.0900466687325259
1.519911082952933e-11,11,0.25531470321151306,0.0881922231032944
1.519911082952933e-11,12,0.2745017629138077,0.09066073951133738
1.519911082952933e-11,13,0.25462467057923477,0.08468163515416412
1.519911082952933e-11,14,0.2428640311560324,0.08961880184149437
2.0565123083486514e-11,0,0.22511840757044677,0.09950044067976319
2.0565123083486514e-11,1,0.2613374210277456,0.08706625973084478
2.0565123083486514e-11,2,0.253818529060694,0.09589737857641943
2.0565123083486514e-11,3,0.2613177198179426,0.08835467511225804
2.0565123083486514e-11,4,0.2813866448484501,0.08578736828000265
2.0565123083486514e-11,5,0.2518777656896526,0.08589143451327919
2.0565123083486514e-11,6,0.28442254326780425,0.09299846646680199
2.0565123083486514e-11,7,0.2667213554501209,0.08768373423149327
2.0565123083486514e-11,8,0.22090294416592582,0.09512621633664302
2.0565123083486514e-11,9,0.2522686801258509,0.08008479888339773
2.0565123083486514e-11,10,0.29326238148139616,0.09040619082598438
2.0565123083486514e-11,11,0.2579832382143309,0.08856533528747425
2.0565123083486514e-11,12,0.27696430915011006,0.09103663697026351
2.0565123083486514e-11,13,0.2561227191920661,0.08491660996901904
2.0565123083486514e-11,14,0.24485529474232792,0.08992212088894026
2.7825594022071258e-11,0,0.22793806827339602,0.10009668167958935
2.7825594022071258e-11,1,0.26464099786071904,0.08750103993865187
2.7825594022071258e-11,2,0.2565126616644199,0.09631588263157807
2.7825594022071258e-11,3,0.26372948836480914,0.08873791670527367
2.7825594022071258e-11,4,0.2835369308686517,0.08621758160883541
2.7825594022071258e-11,5,0.2536342275061101,0.08644901785097048
2.7825594022071258e-11,6,0.2869974218281647,0.09345594575744398
2.7825594022071258e-11,7,0.26895679182825083,0.08807952709128239
2.7825594022071258e-11,8,0.22328405621090797,0.09561355646793596
2.7825594022071258e-11,9,0.2544421727156766,0.08042830732727382
2.7825594022071258e-11,10,0.29627162750048364,0.09086437600308886
2.7825594022071258e-11,11,0.26121198706023163,0.08904257698251199
2.7825594022071258e-11,12,0.2799153457194732,0.091514395933996
2.7825594022071258e-11,13,0.25795321152268713,0.0852236897740088
2.7825594022071258e-11,14,0.24726543527118627,0.09031752386205154
3.764935806792471e-11,0,0.23118232802835836,0.10084494183102906
3.764935806792471e-11,1,0.26850566260016195,0.08805622050246739
3.764935806792471e-11,2,0.2596975906792093,0.09684358187898674
3.764935806792471e-11,3,0.2666010185104002,0.08922641500033292
3.764935806792471e-11,4,0.28610404770313724,0.08675861525035021
3.764935806792471e-11,5,0.25573583287247204,0.08714823145663017
3.764935806792471e-11,6,0.2900501731631896,0.09403078328456174
3.764935806792471e-11,7,0.2716340083245282,0.08858238733219725
3.764935806792471e-11,8,0.2261452045609319,0.09622790257497398
3.764935806792471e-11,9,0.2570462687499018,0.08087421524564259
3.764935806792471e-11,10,0.2998244164079823,0.09143796259246502
3.764935806792471e-11,11,0.265033442391283,0.08964197129704651
3.764935806792471e-11,12,0.2833906239232502,0.09210979822182137
3.764935806792471e-11,13,0.260148654934662,0.0856192880784341
3.764935806792471e-11,14,0.25012288187054543,0.0908250073258142
5.094138014816386e-11,0,0.23485076781761283,0.10176476441832374
5.094138014816386e-11,1,0.27292633795111854,0.0887513614242879
5.094138014816386e-11,2,0.2633911995435376,0.09749535757688169
5.094138014816386e-11,3,0.2699549186628729,0.08983681295421787
5.094138014816386e-11,4,0.28912094101544006,0.08742473741543479
5.094138014816386e-11,5,0.2581934960431278,0.08800897096953905
5.094138014816386e-11,6,0.29360614604025637,0.09473852912140061
5.094138014816386e-11,7,0.27478251356305894,0.089208911960738
5.094138014816386e-11,8,0.2295123018533528,0.0969866405393355
5.094138014816386e-11,9,0.2600948400437728,0.08144376410856244
5.094138014816386e-11,10,0.3039397690453308,0.09214137177991887
5.094138014816386e-11,11,0.2694556465076323,0.09038003422984361
5.094138014816386e-11,12,0.2874217317678287,0.09283515151065928
5.094138014816386e-11,13,0.26273596558134416,0.08611998369909198
5.094138014816386e-11,14,0.2534428603192408,0.0914637510195882
6.892612104349709e-11,0,0.2389413485273354,0.10286833471621531
6.892612104349709e-11,1,0.2778771220248647,0.08960141766729937
6.892612104349709e-11,2,0.2676035970429045,0.09828247771792444
6.892612104349709e-11,3,0.2738068478798047,0.09058330614221197
6.892612104349709e-11,4,0.2926244275627161,0.08822605920611666
6.892612104349709e-11,5,0.2610028658663671,0.08904668389447402
6.892612104349709e-11,6,0.29768485038441217,0.09559075387570407
6.892612104349709e-11,7,0.27842588990128825,0.08997235760271471
6.892612104349709e-11,8,0.23339422652353525,0.09790470302791628
6.892612104349709e-11,9,0.26358327771137713,0.08215775970510512
6.892612104349709e-11,10,0.3086288902126437,0.09298543051406936
6.892612104349709e-11,11,0.2744628082203665,0.09126892585777657
6.892612104349709e-11,12,0.29204178438857753,0.09369838273280684
6.892612104349709e-11,13,0.2657402346780948,0.08674077052712507
6.892612104349709e-11,14,0.25723014137651623,0.09224985226811573
9.326033468832219e-11,0,0.24345641239838633,0.10416071746746057
9.326033468832219e-11,1,0.28331793969655894,0.09061525301642506
9.326033468832219e-11,2,0.2723440422232871,0.09921154717871375
9.326033468832219e-11,3,0.27817277608565727,0.09147440175694985
9.326033468832219e-11,4,0.2966634875095979,0.0891672808115638
9.326033468832219e-11,5,0.26414713929628064,0.09027067064196946
9.326033468832219e-11,6,0.3023047211129771,0.09659321332432609
9.326033468832219e-11,7,0.2825870055367252,0.09088112796825479
9.326033468832219e-11,8,0.2377846320949798,0.09898959846877818
9.326033468832219e-11,9,0.26749357109436134,0.08303176909544045
9.326033468832219e-11,10,0.3139034824572102,0.0939748968654615
9.326033468832219e-11,11,0.2800214349598813,0.09231523301726555
9.326033468832219e-11,12,0.29729018384782047,0.09470209455538843
9.326033468832219e-11,13,0.2691910282623273,0.08749338045498173
9.326033468832219e-11,14,0.2614847428842314,0.09319530391245356
1.2618568830660183e-10,0,0.24840753673397442,0.10563861837029642
1.2618568830660183e-10,1,0.2892034402225051,0.09179574733218925
1.2618568830660183e-10,2,0.2776274576271942,0.10028127645480983
1.2618568830660183e-10,3,0.2830763483987926,0.0925135161304659
1.2618568830660183e-10,4,0.3013046594967549,0.09024802934891574
1.2618568830660183e-10,5,0.2676037987942532,0.09168202149420411
1.2618568830660183e-10,6,0.3074877039927524,0.0977459758408354
1.2618568830660183e-10,7,0.28729369798847504,0.09193852364880327
1.2618568830660183e-10,8,0.2426673803452618,0.10024245085513947
1.2618568830660183e-10,9,0.2718040942549961,0.08407727343130636
1.2618568830660183e-10,10,0.3197834429761882,0.0951092501743151
1.2618568830660183e-10,11,0.2860907801489958,0.09351744043387838
1.2618568830660183e-10,12,0.3032136011833809,0.09584372860099213
1.2618568830660183e-10,13,0.273128270735835,0.08838548628392696
1.2618568830660183e-10,14,0.2662084023597002,0.09430445869982772
1.7073526474706887e-10,0,0.25381948585738623,0.10728972579513732
1.7073526474706887e-10,1,0.2954928639094192,0.09313797047709614
1.7073526474706887e-10,2,0.28347820717108496,0.10148575094501454
1.7073526474706887e-10,3,0.28855289461117073,0.09369709556218123
1.7073526474706887e-10,4,0.30663066980926046,0.09146447779947735
1.7073526474706887e-10,5,0.2713545521696997,0.09327497192157587
1.7073526474706887e-10,6,0.31326247666880236,0.09904388501861532
1.7073526474706887e-10,7,0.2925827192867668,0.09314126938520167
1.7073526474706887e-10,8,0.24802526086068344,0.10165713095976124
1.7073526474706887e-10,9,0.27650090952172224,0.08529805923404926
1.7073526474706887e-10,10,0.3263006226028844,0.09638392487628886
1.7073526474706887e-10,11,0.2926354207009709,0.09486786284275762
1.7073526474706887e-10,12,0.3098623000896772,0.0971169959667854
1.7073526474706887e-10,13,0.2776042373119487,0.08941822946692614
1.7073526474706887e-10,14,0.2714098482836902,0.09557428154780973
2.310129700083158e-10,0,0.259733161180455,0.1090952952369664
2.310129700083158e-10,1,0.30215991368125683,0.09463067843818167
2.310129700083158e-10,2,0.28993039298699963,0.10281500348654565
2.310129700083158e-10,3,0.2946481517212639,0.09501747523643318
2.310129700083158e-10,4,0.3127312831740423,0.09281088007084869
2.310129700083158e-10,5,0.27539727624740495,0.09503599865111707
2.310129700083158e-10,6,0.31966558125472533,0.10047545655418984
2.310129700083158e-10,7,0.29850071373268616,0.09448129174869271
2.310129700083158e-10,8,0.25385128289759795,0.10321927704199224
2.310129700083158e-10,9,0.28158686963383284,0.08668886142949209
2.310129700083158e-10,10,0.33349682286110005,0.09778949028016784
2.310129700083158e-10,11,0.29963728390975963,0.09635268344957633
2.310129700083158e-10,12,0.3172827046257479,0.09851211404064371
2.310129700083158e-10,13,0.28267968673716615,0.09058812042208446
2.310129700083158e-10,14,0.2771080780617431,0.09699512375704837
3.1257158496882353e-10,0,0.2662058388416766,0.11102768919527937
3.1257158496882353e-10,1,0.3092008001190829,0.0962565025008326
3.1257158496882353e-10,2,0.2970247191642734,0.10425606704434895
3.1257158496882353e-10,3,0.30141163683979577,0.09646429027324682
3.1257158496882353e-10,4,0.3196881084764881,0.0942821960108714
3.1257158496882353e-10,5,0.279757902626372,0.09694382797129417
3.1257158496882353e-10,6,0.32673937451034873,0.10202582527499666
3.1257158496882353e-10,7,0.3051017387990378,0.095943980466382
3.1257158496882353e-10,8,0.2601605317873038,0.10491065903223834
3.1257158496882353e-10,9,0.2870860651902071,0.08823717202424364
3.1257158496882353e-10,10,0.341415749867126,0.0993150213668874
3.1257158496882353e-10,11,0.30710390335032245,0.09795116872437634
3.1257158496882353e-10,12,0.32550748500531723,0.10001681486481874
3.1257158496882353e-10,13,0.28841453504171877,0.09188990001001343
3.1257158496882353e-10,14,0.2833334015007106,0.09855054957323758
4.229242874389499e-10,0,0.27330635239343415,0.11305173388511079
4.229242874389499e-10,1,0.31663749080876813,0.0979906273476309
4.229242874389499e-10,2,0.30480172781589043,0.1057955735968978
4.229242874389499e-10,3,0.3088857287903093,0.09802639854132565
4.229242874389499e-10,4,0.3275561660001195,0.09587317755016242
4.229242874389499e-10,5,0.28449872380651786,0.09897127643277735
4.229242874389499e-10,6,0.3345255260700739,0.10367648622610001
4.229242874389499e-10,7,0.31244082568891796,0.09751420096369068
4.229242874389499e-10,8,0.2669985793769766,0.10670265052360946
4.229242874389499e-10,9,0.2930428183981617,0.08992421143920427
4.229242874389499e-10,10,0.3500900338805377,0.10094226301576165
4.229242874389499e-10,11,0.31506961835948055,0.09963756715056717
4.229242874389499e-10,12,0.3345444019359395,0.1016185490822487
4.229242874389499e-10,13,0.294855131843913,0.09331699111099864
4.229242874389499e-10,14,0.29012550237017853,0.10021667304353485
5.722367659350221e-10,0,0.2811046286278843,0.11512301697302738
5.722367659350221e-10,1,0.3245137622094625,0.09980472496379784
5.722367659350221e-10,2,0.3132915769241712,0.107413664986237
5.722367659350221e-10,3,0.31709250221934226,0.09969054256304767
5.722367659350221e-10,4,0.336345389021532,0.09758030540599259
5.722367659350221e-10,5,0.28971878969673637,0.10108154415820782
5.722367659350221e-10,6,0.3430543801523299,0.10540282538994403
5.722367659350221e-10,7,0.3205634837338177,0.09917099638021173
5.722367659350221e-10,8,0.27444165343994165,0.10856127387708468
5.722367659350221e-10,9,0.2995154285825936,0.09172536548742803
5.722367659350221e-10,10,0.3595263620473633,0.10265073921808533
5.722367659350221e-10,11,0.32358810692993556,0.1013796744659902
5.722367659350221e-10,12,0.3443662527803838,0.10329701345627518
5.722367659350221e-10,13,0.30202095012358543,0.09485894753412313
5.722367659350221e-10,14,0.29752768146804,0.10196498140902024
7.742636826811277e-10,0,0.28965814291604186,0.11719321536909812
7.742636826811277e-10,1,0.33288435722688803,0.1016641494465419
7.742636826811277e-10,2,0.3225025458886025,0.10908427572471867
7.742636826811277e-10,3,0.3260220245451083,0.10143773714277911
7.742636826811277e-10,4,0.3460063810770704,0.09939858667317938
7.742636826811277e-10,5,0.29554361056448875,0.10323290395670673
7.742636826811277e-10,6,0.3523334451977448,0.10717933392913984
7.742636826811277e-10,7,0.3294930261285076,0.10088666873015874
7.742636826811277e-10,8,0.2825859654584061,0.11044705051462025
7.742636826811277e-10,9,0.3065657040200085,0.09360746144381606
7.742636826811277e-10,10,0.3696938560129106,0.10441347329089339
7.742636826811277e-10,11,0.3327181231291575,0.10313885545673239
7.742636826811277e-10,12,0.35490590996615246,0.10503049359417661
7.742636826811277e-10,13,0.3098941965469729,0.09650020509084402
7.742636826811277e-10,14,0.3055780822907921,0.10376412171930695
1.0476157527896662e-09,0,0.2990003407147527,0.11921911309101783
1.0476157527896662e-09,1,0.34180071489041086,0.10353159431324561
1.0476157527896662e-09,2,0.33241271140550566,0.1107764822328543
1.0476157527896662e-09,3,0.3356271248928706,0.10324673898921821
1.0476157527896662e-09,4,0.3564258424326574,0.10131761741828693
1.0476157527896662e-09,5,0.30210544915633086,0.10537729027504779
1.0476157527896662e-09,6,0.36234008742677226,0.10897579027480142
1.0476157527896662e-09,7,0.3392201537537064,0.10262937739794929
1.0476157527896662e-09,8,0.2915282261336384,0.11231460466897719
1.0476157527896662e-09,9,0.3142468046258101,0.09553138379176614
1.0476157527896662e-09,10,0.3805210914072924,0.10620158827869323
1.0476157527896662e-09,11,0.3425077183142524,0.10487522466744797
1.0476157527896662e-09,12,0.3660602718058892,0.1067969337772559
1.0476157527896662e-09,13,0.31841648992083593,0.09822385961244387
1.0476157527896662e-09,14,0.3143011864311974,0.1055763484185368
1.4174741629268078e-09,0,0.30913643773864263,0.12117165400937441
1.4174741629268078e-09,1,0.3512985040596829,0.10537282296905673
1.4174741629268078e-09,2,0.3429693261980816,0.1124619499772523
1.4174741629268078e-09,3,0.3458284605193117,0.10509630814336313
1.4174741629268078e-09,4,0.3674356031869921,0.10332285286776238
1.4174741629268078e-09,5,0.3095201088892685,0.10747217910003337
1.4174741629268078e-09,6,0.3730223155587422,0.11076456092106286
1.4174741629268078e-09,7,0.34969992522895,0.1043686587157966
1.4174741629268078e-09,8,0.301343864767593,0.11412050514327016
1.4174741629268078e-09,9,0.3225935867110936,0.09745772979060621
1.4174741629268078e-09,10,0.3919043956215782,0.10798780845275241
1.4174741629268078e-09,11,0.3529833344624884,0.10655395814711885
1.4174741629268078e-09,12,0.37770392824694443,0.10857548748120373
1.4174741629268078e-09,13,0.3274959541413309,0.10000935340038318
1.4174741629268078e-09,14,0.32370394696546345,0.10736512368351037
1.9179102616724926e-09,0,0.3200498271759372,0.12304648711859051
1.9179102616724926e-09,1,0.3613919488992239,0.10716862833507626
1.9179102616724926e-09,2,0.3540977601050791,0.11411995620659289
1.9179102616724926e-09,3,0.3565297537362967,0.10696714183129467
1.9179102616724926e-09,4,0.37883455043627134,0.10539802671057241
1.9179102616724926e-09,5,0.317868575801337,0.10948545699001816
1.9179102616724926e-09,6,0.38430822716890645,0.11252931368159609
1.9179102616724926e-09,7,0.36085887029791974,0.10608384958950498
1.9179102616724926e-09,8,0.31207126836292576,0.11583241065979942
1.9179102616724926e-09,9,0.3316198485981967,0.0993494892560259
1.9179102616724926e-09,10,0.4037257164456045,0.10975628298973666
1.9179102616724926e-09,11,0.3641482985363558,0.10815156182918323
1.9179102616724926e-09,12,0.38970937026979346,0.11035358794753931
1.9179102616724926e-09,13,0.3370249537338319,0.10183311010860191
1.9179102616724926e-09,14,0.33377943299803503,0.10910467277719524
2.5950242113997426e-09,0,0.3317179381078982,0.12485647721784568
2.5950242113997426e-09,1,0.3720777764999642,0.10891851540149902
2.5950242113997426e-09,2,0.3657181796092336,0.11574843341574503
2.5950242113997426e-09,3,0.3676388015038352,0.10884625557808669
2.5950242113997426e-09,4,0.39041774440966337,0.10753279956791471
2.5950242113997426e-09,5,0.32719060294945357,0.11140366888901776
2.5950242113997426e-09,6,0.3961216227758694,0.11427204711431008
2.5950242113997426e-09,7,0.3726109610814562,0.10776250948426626
2.5950242113997426e-09,8,0.3237085290273475,0.11743745065445015
2.5950242113997426e-09,9,0.34132466291443386,0.10118280276577313
2.5950242113997426e-09,10,0.41587513031812606,0.1115101056000658
2.5950242113997426e-09,11,0.3759915120307685,0.10966829057700168
2.5950242113997426e-09,12,0.40196836244554957,0.11213815051558505
2.5950242113997426e-09,13,0.3469045604256932,0.10367850967866861
2.5950242113997426e-09,14,0.3445177126474954,0.11078337775511636
3.511191734215142e-09,0,0.34413133358736925,0.12663557751862228
3.511191734215142e-09,1,0.3833476931906321,0.1106381297517302
3.511191734215142e-09,2,0.3777654144001016,0.11736441956695355
3.511191734215142e-09,3,0.3790879113910559,0.11073728927523194
3.511191734215142e-09,4,0.40200503709397073,0.10972988207155505
3.511191734215142e-09,5,0.3374928863040083,0.11323482084649723
3.511191734215142e-09,6,0.4083996158517149,0.11601414036850038
3.511191734215142e-09,7,0.38487780079919887,0.10941825080878098
3.511191734215142e-09,8,0.3362244792269474,0.11895179546239577
3.511191734215142e-09,9,0.35170630824160654,0.10294802288853479
3.511191734215142e-09,10,0.4282720446805883,0.11326611852102468
3.511191734215142e-09,11,0.3885031250111537,0.11112217150207442
3.511191734215142e-09,12,0.4144092543584593,0.11395444580661535
3.511191734215142e-09,13,0.3570690947758286,0.10554473560407007
3.511191734215142e-09,14,0.3559206100055148,0.11241148223916676
4.750810162102813e-09,0,0.3573070805290859,0.12843306664896567
4.750810162102813e-09,1,0.39520366735214085,0.11236363971009819
4.750810162102813e-09,2,0.39020613513118807,0.1189976360301235
4.750810162102813e-09,3,0.3908480044508996,0.112664663100113
4.750810162102813e-09,4,0.4134628156889939,0.11200144127914863
4.750810162102813e-09,5,0.348768801366627,0.11500920677131096
4.750810162102813e-09,6,0.4211072102488651,0.11778944348888494
4.750810162102813e-09,7,0.3976068094780939,0.11107106159996402
4.750810162102813e-09,8,0.34957991611104333,0.12040913140573666
4.750810162102813e-09,9,0.3627791675127907,0.10465608895523543
4.750810162102813e-09,10,0.44087942453113094,0.11505472018380015
4.750810162102813e-09,11,0.40169091447373284,0.11254812579679141
4.750810162102813e-09,12,0.42700610702892927,0.11583596923732702
4.750810162102813e-09,13,0.36750384384843826,0.10744338047423342
4.750810162102813e-09,14,0.3680148982053656,0.11401800306659707
6.428073117284319e-09,0,0.37128964204873927,0.13030051198718914
6.428073117284319e-09,1,0.4076678012968391,0.11413756710845521
6.428073117284319e-09,2,0.4030473892523798,0.12069306804316592
6.428073117284319e-09,3,0.4029323299024684,0.11466210475484383
6.428073117284319e-09,4,0.42471481195715033,0.11437857892876283
6.428073117284319e-09,5,0.36102192496504715,0.11676726661499655
6.428073117284319e-09,6,0.4342437087605513,0.11964024429707304
6.428073117284319e-09,7,0.4107812700914316,0.11276045037532909
6.428073117284319e-09,8,0.3637501854315248,0.12185305343319212
6.428073117284319e-09,9,0.37458753519654975,0.10633994592584134
6.428073117284319e-09,10,0.45370640141217566,0.11691325771401008
6.428073117284319e-09,11,0.415590114713814,0.1139922797942835
6.428073117284319e-09,12,0.43977677727751296,0.11782025399458036
6.428073117284319e-09,13,0.37825061954253736,0.1093930133973563
6.428073117284319e-09,14,0.38085798669396786,0.11563804420568051
8.697490026177834e-09,0,0.3861388731430705,0.13227423891489928
8.697490026177834e-09,1,0.4207808827757521,0.11600408951228296
8.697490026177834e-09,2,0.4163324269521059,0.12249160580877547
8.697490026177834e-09,3,0.4153880743375229,0.11675898154074976
8.697490026177834e-09,4,0.4357399638876567,0.11689223356477693
8.697490026177834e-09,5,0.3742837620184243,0.11855682237391302
8.697490026177834e-09,6,0.4478377023188983,0.12160400592456656
8.697490026177834e-09,7,0.42441810744142516,0.11452383957703391
8.697490026177834e-09,8,0.3787393334600928,0.12333216162797803
8.697490026177834e-09,9,0.3872106836688436,0.10803231827196946
8.697490026177834e-09,10,0.4667973289044879,0.11888188468809709
8.697490026177834e-09,11,0.43026165473145106,0.11550015909906529
8.697490026177834e-09,12,0.4527693581979628,0.11994328880647032
8.697490026177834e-09,13,0.3893985254514105,0.11142457037810394
8.697490026177834e-09,14,0.39453214460263986,0.11731574103926568
1.176811952434999e-08,0,0.40191036039187356,0.13438249603985883
1.176811952434999e-08,1,0.43458974240027304,0.11799392270957829
1.176811952434999e-08,2,0.43012401757556773,0.12443360462063525
1.176811952434999e-08,3,0.42827757508206554,0.11898753507967971
1.176811952434999e-08,4,0.4465579396886399,0.11957443325082166
1.176811952434999e-08,5,0.38861835462410255,0.12040999133752726
1.176811952434999e-08,6,0.46193142599073167,0.12371261855125934
1.176811952434999e-08,7,0.438553515550442,0.1163993923083413
1.176811952434999e-08,8,0.3945799834874544,0.12489667035552088
1.176811952434999e-08,9,0.4007557747094337,0.10977498995321697
1.176811952434999e-08,10,0.4802098640607986,0.12098709463505432
1.176811952434999e-08,11,0.44577846877225447,0.1171030937762606
1.176811952434999e-08,12,0.46603985597964837,0.1222383555358501
1.176811952434999e-08,13,0.4010612888473153,0.1135672419140922
1.176811952434999e-08,14,0.40912775510811084,0.11908179598308745
1.592282793341094e-08,0,0.4186343408778189,0.13663110027879433
1.592282793341094e-08,1,0.4491286065644562,0.12012246969498748
1.592282793341094e-08,2,0.4444801589233591,0.12654745468552617
1.592282793341094e-08,3,0.4416544079918745,0.12137327147197013
1.592282793341094e-08,4,0.45720640955243064,0.12245281730620114
1.592282793341094e-08,5,0.40411158969519634,0.1223506183315747
1.592282793341094e-08,6,0.4765590348923491,0.12598059677952106
1.592282793341094e-08,7,0.4532213613616579,0.11841120231370232
1.592282793341094e-08,8,0.41131954213035204,0.12657362788950288
1.592282793341094e-08,9,0.4153389217827891,0.11159746607434377
1.592282793341094e-08,10,0.4939886216714158,0.12324429309799684
1.592282793341094e-08,11,0.4622037623190157,0.11882700553336073
1.592282793341094e-08,12,0.4796269275527112,0.12471835582922754
1.592282793341094e-08,13,0.41334697827078337,0.11585288802470306
1.592282793341094e-08,14,0.4247204297922227,0.12096366296866282
2.1544346900318866e-08,0,0.4362969631840027,0.13901576183027017
2.1544346900318866e-08,1,0.4644004350713278,0.12239902429848158
2.1544346900318866e-08,2,0.45942917433154196,0.1288363061544596
2.1544346900318866e-08,3,0.4555408841289479,0.12392668932567392
2.1544346900318866e-08,4,0.4677165603443255,0.12554019794605756
2.1544346900318866e-08,5,0.4208479390674441,0.1243913354814393
2.1544346900318866e-08,6,0.49172449023839215,0.12840981131141052
2.1544346900318866e-08,7,0.4684314900801615,0.1205731674531793
2.1544346900318866e-08,8,0.42899785799436896,0.12838212842963675
2.1544346900318866e-08,9,0.4310582776173302,0.1135230701205599
2.1544346900318866e-08,10,0.5081418091535678,0.125653806091512
2.1544346900318866e-08,11,0.4795664163581055,0.12068064519475266
2.1544346900318866e-08,12,0.4935301255455906,0.12738015367635236
2.1544346900318866e-08,13,0.4263282529109236,0.11829785672360509
2.1544346900318866e-08,14,0.44134782126696537,0.12298451366521329
2.9150530628251818e-08,0,0.4548260835873773,0.141530920425772
2.9150530628251818e-08,1,0.48036230557402315,0.12482035770470983
2.9150530628251818e-08,2,0.4749500417460183,0.13129065426959852
2.9150530628251818e-08,3,0.46991166779602456,0.12665536848140962
2.9150530628251818e-08,4,0.4780930438331614,0.12883348249722598
2.9150530628251818e-08,5,0.43887999312046455,0.12653210077195653
2.9150530628251818e-08,6,0.5073838426690047,0.1309890114418736
2.9150530628251818e-08,7,0.4841534525797252,0.12289354363713108
2.9150530628251818e-08,8,0.44762215515178616,0.1303231588799621
2.9150530628251818e-08,9,0.44796451334200027,0.11556323033012587
2.9150530628251818e-08,10,0.5226262831940824,0.12820955081854835
2.9150530628251818e-08,11,0.49783801726155297,0.1226641267172637
2.9150530628251818e-08,12,0.507696790353978,0.13021277054959754
2.9150530628251818e-08,13,0.4400197124889239,0.12090461224920204
2.9150530628251818e-08,14,0.45898977046897627,0.12514407131351435
3.944206059437656e-08,0,0.474084964629635,0.14415652259355113
3.944206059437656e-08,1,0.49691768982380546,0.1273783866389259
3.944206059437656e-08,2,0.4909616580952897,0.13389528040105625
3.944206059437656e-08,3,0.4846855814591978,0.12954968474355805
3.944206059437656e-08,4,0.48830256479879697,0.13232012065619161
3.944206059437656e-08,5,0.45819714400538836,0.12875726237760415
3.944206059437656e-08,6,0.523435883505043,0.13370316583015493
3.944206059437656e-08,7,0.5003081036883557,0.12536134534808657
3.944206059437656e-08,8,0.4671441359510615,0.13239019746934386
3.944206059437656e-08,9,0.4660335455715042,0.11771971646684813
3.944206059437656e-08,10,0.5373440086616572,0.13088619434078802
3.944206059437656e-08,11,0.5169158506727565,0.1247660381727618
3.944206059437656e-08,12,0.5220210371194105,0.13320424508750683
3.944206059437656e-08,13,0.4543651755886172,0.12367192532091488
3.944206059437656e-08,14,0.4775535300075546,0.12744654967479252
5.3366992312063125e-08,0,0.493878572111345,0.14687926989854647
5.3366992312063125e-08,1,0.5139185735096949,0.13005477763999693
5.3366992312063125e-08,2,0.5073235358233914,0.13662589061785668
5.3366992312063125e-08,3,0.49972668924060715,0.1325822544828905
5.3366992312063125e-08,4,0.4982737428173839,0.1359693013177362
5.3366992312063125e-08,5,0.47870055333555295,0.13104410463308666
5.3366992312063125e-08,6,0.5397247703889142,0.13652490592925817
5.3366992312063125e-08,7,0.5167678887130452,0.12795022024786146
5.3366992312063125e-08,8,0.48744419538744,0.13456694759132978
5.3366992312063125e-08,9,0.48514588676918136,0.119984063447286
5.3366992312063125e-08,10,0.5521511879530183,0.13365852292201344
5.3366992312063125e-08,11,0.5366169940707497,0.1269713505795489
5.3366992312063125e-08,12,0.5363565301173425,0.13633471299652566
5.3366992312063125e-08,13,0.46923541921535894,0.12657793148089266
5.3366992312063125e-08,14,0.49686666452226713,0.1298728602170312
7.220809018385471e-08,0,0.5139749843807018,0.14966694783760595
7.220809018385471e-08,1,0.531179489834924,0.13280723419152538
7.220809018385471e-08,2,0.5238495099365732,0.13945593357457817
7.220809018385471e-08,3,0.5148560980973165,0.1357368553096734
7.220809018385471e-08,4,0.507909911783448,0.13973064576432
7.220809018385471e-08,5,0.500191798165649,0.13337731158590946
7.220809018385471e-08,6,0.5560566397279748,0.139420470832341
7.220809018385471e-08,7,0.5333665707479176,0.13063149155586118
7.220809018385471e-08,8,0.5083282334641004,0.13684341923100438
7.220809018385471e-08,9,0.5050777021205594,0.12235151351683918
7.220809018385471e-08,10,0.5668794770138494,0.13650881799284775
7.220809018385471e-08,11,0.5566880922598488,0.12927178866567748
7.220809018385471e-08,12,0.5505418665190442,0.1395712665835476
7.220809018385471e-08,13,0.4844373757369579,0.12961858836434578
7.220809018385471e-08,14,0.5166820645090522,0.13241246790878644
9.770099572992267e-08,0,0.5341380617268496,0.15249372306470066
9.770099572992267e-08,1,0.5485019713021704,0.1356108260924886
9.770099572992267e-08,2,0.5403334749917865,0.14235001140648953
9.770099572992267e-08,3,0.5298750379879471,0.1389853511578106
9.770099572992267e-08,4,0.5171145125826186,0.14356119168930181
9.770099572992267e-08,5,0.5223805958831172,0.13575265345485243
9.770099572992267e-08,6,0.5722281871014636,0.14235847238890456
9.770099572992267e-08,7,0.5499183724906296,0.13337256492064922
9.770099572992267e-08,8,0.5295409700438256,0.13920623455542458
9.770099572992267e-08,9,0.5255089403646921,0.12482029918684047
9.770099572992267e-08,10,0.5813655019009734,0.13940324089530381
9.770099572992267e-08,11,0.576831370671556,0.1316548210125883
9.770099572992267e-08,12,0.5644329719498623,0.14289458381523937
9.770099572992267e-08,13,0.49973649581435053,0.1327709722296061
9.770099572992267e-08,14,0.5366983328833188,0.13505798381966969
1.3219411484660315e-07,0,0.5541606342374523,0.15535785369886662
1.3219411484660315e-07,1,0.5657028850417128,0.1384492320880201
1.3219411484660315e-07,2,0.5565815406194534,0.14529073866339942
1.3219411484660315e-07,3,0.5445961031368782,0.14229494853939056
1.3219411484660315e-07,4,0.5258247500741197,0.14741476565321115
1.3219411484660315e-07,5,0.5449116166159405,0.13817286385683866
1.3219411484660315e-07,6,0.5880599028303962,0.14533355419436456
1.3219411484660315e-07,7,0.5662433673896863,0.13616350046697953
1.3219411484660315e-07,8,0.550794475546757,0.14165606135307915
1.3219411484660315e-07,9,0.5460508666044055,0.12739165038594272
1.3219411484660315e-07,10,0.5954809093076252,0.14231713861402626
1.3219411484660315e-07,11,0.5967406517305143,0.13412967858427366
1.3219411484660315e-07,12,0.5779327299749789,0.14629477613226496
1.3219411484660315e-07,13,0.5148914507426595,0.1360061281648675
1.3219411484660315e-07,14,0.5565930097258349,0.13778725951441198
1.7886495290574352e-07,0,0.5738856532310008,0.15827204013728122
1.7886495290574352e-07,1,0.5826370578603818,0.14134037297914154
1.7886495290574352e-07,2,0.5724407823365478,0.14826970876498058
1.7886495290574352e-07,3,0.5588746283705528,0.14564125941671435
1.7886495290574352e-07,4,0.5340447141391284,0.15125905398921186
1.7886495290574352e-07,5,0.5674028516567178,0.14065412307851013
1.7886495290574352e-07,6,0.6034233782128455,0.14832712252323302
1.7886495290574352e-07,7,0.5821918126401073,0.1389912418913449
1.7886495290574352e-07,8,0.5718036429191827,0.1441749156993657
1.7886495290574352e-07,9,0.566288232334553,0.13006189337194057
1.7886495290574352e-07,10,0.6091531526040064,0.14522518664279882
1.7886495290574352e-07,11,0.616135601570014,0.13668026210285683
1.7886495290574352e-07,12,0.5910074908303851,0.14975651533291887
1.7886495290574352e-07,13,0.5296943135330276,0.1392873838953158
1.7886495290574352e-07,14,0.5760589674613379,0.1405895774531272
2.4201282647943835e-07,0,0.5932083959501739,0.16123397030014525
2.4201282647943835e-07,1,0.5992064797697745,0.1442636294550315
2.4201282647943835e-07,2,0.5878148403211552,0.15128077334303883
2.4201282647943835e-07,3,0.5726299822460739,0.14899735610418732
2.4201282647943835e-07,4,0.5418673658039366,0.155045918543974
2.4201282647943835e-07,5,0.5894825971474957,0.14320622385008425
2.4201282647943835e-07,6,0.6182538324650163,0.15133353775641034
2.4201282647943835e-07,7,0.5976587804090447,0.1418561223609599
2.4201282647943835e-07,8,0.5923162244193223,0.1467598739121149
2.4201282647943835e-07,9,0.5858238313216166,0.13284168579662672
2.4201282647943835e-07,10,0.6223698573029097,0.14811227496091944
2.4201282647943835e-07,11,0.6347828880313134,0.13932527794907176
2.4201282647943835e-07,12,0.6036849765696111,0.15328667538203714
2.4201282647943835e-07,13,0.5440041597882019,0.14259522247975068
2.4201282647943835e-07,14,0.5948318369414676,0.14346829548599752
3.2745491628777317e-07,0,0.6120620885974908,0.16426456287556532
3.2745491628777317e-07,1,0.6153545753294556,0.14719359701227272
3.2745491628777317e-07,2,0.60266223587194,0.15433695594713312
3.2745491628777317e-07,3,0.5858497941835752,0.15235568913935174
3.2745491628777317e-07,4,0.5494776510747091,0.1587406828165105
3.2745491628777317e-07,5,0.6108135618837783,0.14584447228583716
3.2745491628777317e-07,6,0.6325452466399959,0.1543571673676814
3.2745491628777317e-07,7,0.6125844037714847,0.14472466570130757
3.2745491628777317e-07,8,0.612127738939171,0.1494109355838738
3.2745491628777317e-07,9,0.604311445038526,0.13572976479496984
3.2745491628777317e-07,10,0.6351663405132699,0.1509663927601685
3.2745491628777317e-07,11,0.6525001365318668,0.14205960372972906
3.2745491628777317e-07,12,0.6160359318194679,0.15688353716895068
3.2745491628777317e-07,13,0.5577628867185329,0.14592206015477865
3.2745491628777317e-07,14,0.6127014757884066,0.14642095977030203
4.4306214575838867e-07,0,0.6303956731666462,0.16735150739354193
4.4306214575838867e-07,1,0.6310502561932674,0.1501319768716163
4.4306214575838867e-07,2,0.6169808334586104,0.15742272652605407
4.4306214575838867e-07,3,0.5985770516678041,0.155720452990934
4.4306214575838867e-07,4,0.5571349747615489,0.16233122450480997
4.4306214575838867e-07,5,0.6311009036787559,0.1485939118362935
4.4306214575838867e-07,6,0.6463320141322939,0.15739623131263375
4.4306214575838867e-07,7,0.6269420053873597,0.14761131886108136
4.4306214575838867e-07,8,0.6310797130975178,0.15212681129045402
4.4306214575838867e-07,9,0.621469937279943,0.1387441183021994
4.4306214575838867e-07,10,0.6476023873547627,0.15378535670683077
4.4306214575838867e-07,11,0.6691473995848523,0.14488158212285357
4.4306214575838867e-07,12,0.6281474071829569,0.16052419074920254
4.4306214575838867e-07,13,0.5709893758916065,0.14925885530583113
4.4306214575838867e-07,14,0.6295094481602372,0.14945968448803476
5.994842503189421e-07,0,0.6481528790325122,0.1705173752032048
5.994842503189421e-07,1,0.6462688181697993,0.15307306497843143
5.994842503189421e-07,2,0.6307861240905039,0.16053467368479113
5.994842503189421e-07,3,0.6108858605799699,0.15908737843004953
5.994842503189421e-07,4,0.565138639515641,0.16579914634843526
5.994842503189421e-07,5,0.6500900102712894,0.15145694435526413
5.994842503189421e-07,6,0.6596640098155132,0.16045405988331676
5.994842503189421e-07,7,0.640721040141196,0.15052311016051456
5.994842503189421e-07,8,0.6490473424261489,0.15491771034777863
5.994842503189421e-07,9,0.6370819500693761,0.14190821006413848
5.994842503189421e-07,10,0.6597367348389134,0.1565778721017499
5.994842503189421e-07,11,0.6846149051928184,0.14778821469882922
5.994842503189421e-07,12,0.640095903420816,0.16420081145749196
5.994842503189421e-07,13,0.583756620955115,0.1525866154081771
5.994842503189421e-07,14,0.6451401624330859,0.1526086173670001
8.111308307896889e-07,0,0.6652584959478051,0.17376218054706394
8.111308307896889e-07,1,0.6609753328476851,0.15604104586872988
8.111308307896889e-07,2,0.6440903313100577,0.16369424269199334
8.111308307896889e-07,3,0.6228536174092831,0.16244362299156123
8.111308307896889e-07,4,0.5737826927703813,0.1691306213822249
8.111308307896889e-07,5,0.6675631065067917,0.15443818130169515
8.111308307896889e-07,6,0.6725815567991276,0.16354674383609666
8.111308307896889e-07,7,0.6539115446090188,0.15347361486668595
8.111308307896889e-07,8,0.6659249731895833,0.1577997325607988
8.111308307896889e-07,9,0.650987167625492,0.1452242641325157
8.111308307896889e-07,10,0.6716059209805018,0.1593286299289182
8.111308307896889e-07,11,0.6988137758628451,0.15078587372090496
8.111308307896889e-07,12,0.6519257078664584,0.16790611558761395
8.111308307896889e-07,13,0.5961606839223295,0.1559140695192122
8.111308307896889e-07,14,0.6595126168723933,0.15585439667843537
1.0974987654930568e-06,0,0.6816144993792073,0.17710471410948497
1.0974987654930568e-06,1,0.6751139628096909,0.15905083935636935
1.0974987654930568e-06,2,0.6568865976572487,0.16690689671417128
1.0974987654930568e-06,3,0.6345365520747085,0.16579453349787604
1.0974987654930568e-06,4,0.5833079494587302,0.17233384052968329
1.0974987654930568e-06,5,0.6833407597927093,0.1575821510314242
1.0974987654930568e-06,6,0.6850955699382435,0.16665853028726246
1.0974987654930568e-06,7,0.6664938867009358,0.15646350309009402
1.0974987654930568e-06,8,0.6816154894971284,0.16078875764635187
1.0974987654930568e-06,9,0.6630787771636122,0.14869613050056085
1.0974987654930568e-06,10,0.6832112367813544,0.16207095333891822
1.0974987654930568e-06,11,0.7116723350289378,0.1538955690147027
1.0974987654930568e-06,12,0.6636354557042143,0.17164123077193888
1.0974987654930568e-06,13,0.6082899020704935,0.15924152968971092
1.0974987654930568e-06,14,0.6725758137274418,0.1591937289784335
1.4849682622544665e-06,0,0.697106801430245,0.18056315542446136
1.4849682622544665e-06,1,0.68860555902919,0.16211947171186267
1.4849682622544665e-06,2,0.6691409345627666,0.17017345208342724
1.4849682622544665e-06,3,0.6459543587979056,0.16916819102676675
1.4849682622544665e-06,4,0.593859991094303,0.17543614005481684
1.4849682622544665e-06,5,0.6972897092189725,0.16089270450646084
1.4849682622544665e-06,6,0.6971775672604816,0.16978601510351385
1.4849682622544665e-06,7,0.6784355123110831,0.15949986115288783
1.4849682622544665e-06,8,0.6960266811227453,0.16388717078853673
1.4849682622544665e-06,9,0.6733061508706792,0.15230234196266382
1.4849682622544665e-06,10,0.6945156846843523,0.16481481204631618
1.4849682622544665e-06,11,0.7231387045441429,0.1571104289471056
1.4849682622544665e-06,12,0.6751755963428858,0.17543613705117975
1.4849682622544665e-06,13,0.6202008458681586,0.16255670246782547
1.4849682622544665e-06,14,0.6843085338759876,0.16262177961258806
2.00923300256505e-06,0,0.7116216778428036,0.18415452195879511
2.00923300256505e-06,1,0.7013552070367319,0.16525267664993895
2.00923300256505e-06,2,0.6807943351618613,0.17353707908045202
2.00923300256505e-06,3,0.6570881725792537,0.17256762718269758
2.00923300256505e-06,4,0.605461904925899,0.1784588927595476
2.00923300256505e-06,5,0.7093360420791406,0.16436910290894974
2.00923300256505e-06,6,0.7087631669829348,0.17295753201270533
2.00923300256505e-06,7,0.6896957418924778,0.16258009662371234
2.00923300256505e-06,8,0.7090762133902018,0.16710262433573558
2.00923300256505e-06,9,0.6816826888908243,0.1560283389641502
2.00923300256505e-06,10,0.7054517117924741,0.16756602492514644
2.00923300256505e-06,11,0.7331904743405927,0.16043339105142573
2.00923300256505e-06,12,0.6864590491948172,0.17932156520903128
2.00923300256505e-06,13,0.6319061392543315,0.1659056969335462
2.00923300256505e-06,14,0.6947242728550089,0.16613445039324273
2.7185882427329457e-06,0,0.7250680212434493,0.18794071575565946
2.7185882427329457e-06,1,0.7132692029763202,0.1684765669661129
2.7185882427329457e-06,2,0.6917761529214567,0.17701299942829793
2.7185882427329457e-06,3,0.6678930796234199,0.17601919550547265
2.7185882427329457e-06,4,0.6180079407646567,0.18145756423878046
2.7185882427329457e-06,5,0.7194820597916985,0.1679987018171976
2.7185882427329457e-06,6,0.719769448968032,0.17619605420866663
2.7185882427329457e-06,7,0.7002385646345449,0.1656996433051759
2.7185882427329457e-06,8,0.7207056721431113,0.17043013413786687
2.7185882427329457e-06,9,0.6882969446413186,0.1598489569992709
2.7185882427329457e-06,10,0.7159384530369028,0.17035688541717878
2.7185882427329457e-06,11,0.7418509820999601,0.1638829970466579
2.7185882427329457e-06,12,0.697384320567846,0.18333042452837525
2.7185882427329457e-06,13,0.6433773365457569,0.1692906820800145
2.7185882427329457e-06,14,0.703881821086801,0.16974391522376087
3.678379771828642e-06,0,0.7373981741168105,0.19191424166556875
3.678379771828642e-06,1,0.7242768725225373,0.1718256033149149
3.678379771828642e-06,2,0.7020260066754781,0.18061918988250697
3.678379771828642e-06,3,0.6783212731143062,0.17954353656894595
3.678379771828642e-06,4,0.6312792445680364,0.1844907619986538
3.678379771828642e-06,5,0.7278233293294589,0.17180430291203097
3.678379771828642e-06,6,0.730121149713758,0.1795337858305797
3.678379771828642e-06,7,0.7100504200364081,0.1688823043726212
3.678379771828642e-06,8,0.7309010336296615,0.17388945507002446
3.678379771828642e-06,9,0.6933247642840272,0.16375079396650638
3.678379771828642e-06,10,0.725903812396336,0.17320540329921963
3.678379771828642e-06,11,0.7492073544424096,0.16744599635789634
3.678379771828642e-06,12,0.707864687060664,0.18747985778059365
3.678379771828642e-06,13,0.6545618827964939,0.1727216528484864
3.678379771828642e-06,14,0.7118986138823086,0.17344838927212702
4.977023564332114e-06,0,0.7486188769405164,0.19610996681040255
4.977023564332114e-06,1,0.7343488364621801,0.17534999700123635
4.977023564332114e-06,2,0.7115164958113436,0.18438323972745724
4.977023564332114e-06,3,0.6883467454864469,0.18317089224135172
4.977023564332114e-06,4,0.6449772017051587,0.18762826914863523
4.977023564332114e-06,5,0.7345586554459957,0.1758003975726459
4.977023564332114e-06,6,0.7397754746579237,0.18297809813149046
4.977023564332114e-06,7,0.719156212128355,0.1721659422253997
4.977023564332114e-06,8,0.7397119667252117,0.1775057481028622
4.977023564332114e-06,9,0.6970374415206682,0.16772095509597362
4.977023564332114e-06,10,0.7353035894749671,0.17620283232933115
4.977023564332114e-06,11,0.7554205109901988,0.17112420098966283
4.977023564332114e-06,12,0.7178520699409723,0.19177264786883302
4.977023564332114e-06,13,0.665407375654459,0.17624091358110025
4.977023564332114e-06,14,0.7189588257458088,0.1772224911748064
6.7341506577508285e-06,0,0.7587871514890925,0.2005963820493552
6.7341506577508285e-06,1,0.7435031649686641,0.17908269517229083
6.7341506577508285e-06,2,0.7202666288323034,0.18835765044068173
6.7341506577508285e-06,3,0.697980183183575,0.18693140553965806
6.7341506577508285e-06,4,0.658765714499826,0.1909272983340689
6.7341506577508285e-06,5,0.7399832393488956,0.1799776515205611
6.7341506577508285e-06,6,0.7487341183314807,0.18657688491767668
6.7341506577508285e-06,7,0.7276251150005579,0.17557516812961985
6.7341506577508285e-06,8,0.7472591707930415,0.18128859729091198
6.7341506577508285e-06,9,0.6997971752878087,0.1717184816924093
6.7341506577508285e-06,10,0.7441298113949999,0.1793623435052291
6.7341506577508285e-06,11,0.7607170189660537,0.17495660078043046
6.7341506577508285e-06,12,0.7273444816920485,0.19626377994541275
6.7341506577508285e-06,13,0.6758821291518122,0.17987382435658053
6.7341506577508285e-06,14,0.7253059156297443,0.18109293686455394
9.111627561154906e-06,0,0.7679928543465961,0.20540992360960755
9.111627561154906e-06,1,0.75179599893222,0.1830766029307167
9.111627561154906e-06,2,0.728339097906255,0.19258032244732884
9.111627561154906e-06,3,0.7072658917388623,0.19085976334411314
9.111627561154906e-06,4,0.6723123437827163,0.19443664692439558
9.111627561154906e-06,5,0.7444584544818833,0.18435169545040717
9.111627561154906e-06,6,0.7570362998439596,0.19039247680413635
9.111627561154906e-06,7,0.7355605077059887,0.17915443366985107
9.111627561154906e-06,8,0.7537216963831758,0.18527049435810775
9.111627561154906e-06,9,0.7020310926001737,0.17577997211944535
9.111627561154906e-06,10,0.752404870318534,0.18274291995572223
9.111627561154906e-06,11,0.7653596630718854,0.17898483245986432
9.111627561154906e-06,12,0.7363731566226024,0.20099079975163972
9.111627561154906e-06,13,0.6859819103145897,0.18366547601975974
9.111627561154906e-06,14,0.7312138792381269,0.1850730621999112
1.2328467394420684e-05,0,0.7763359821982768,0.21055956895691638
1.2328467394420684e-05,1,0.7593012223152414,0.1873897266093342
1.2328467394420684e-05,2,0.735822446840294,0.19708037833564057
1.2328467394420684e-05,3,0.7162607284231451,0.19498871652062028
1.2328467394420684e-05,4,0.6853203587416793,0.19823934447587985
1.2328467394420684e-05,5,0.748361020586939,0.18893986307148877
1.2328467394420684e-05,6,0.764736350931377,0.19448215524058673
1.2328467394420684e-05,7,0.743075329229269,0.18297077183219002
1.2328467394420684e-05,8,0.7593052344954392,0.18947188330037726
1.2328467394420684e-05,9,0.7041818733254106,0.17991806215115788
1.2328467394420684e-05,10,0.7601650263114834,0.18638370702914508
1.2328467394420684e-05,11,0.7696043979253807,0.18325990860536714
1.2328467394420684e-05,12,0.7449760644461374,0.20596398230441895
1.2328467394420684e-05,13,0.6957194481086886,0.18765357099035274
1.2328467394420684e-05,14,0.7369417089748604,0.18921103484170176
1.6681005372000626e-05,0,0.7839084984103601,0.2161107227010201
1.6681005372000626e-05,1,0.7660893931854347,0.19203052680035523
1.6681005372000626e-05,2,0.7428068336532194,0.20191586494772243
1.6681005372000626e-05,3,0.7250041832059293,0.19938969081489694
1.6681005372000626e-05,4,0.6975486680971681,0.20241721872754548
1.6681005372000626e-05,5,0.7520247973740309,0.19378669473928506
1.6681005372000626e-05,6,0.7718776711048169,0.19885720911126603
1.6681005372000626e-05,7,0.7502616654840227,0.1870566620608581
1.6681005372000626e-05,8,0.7642025154424456,0.1939460762405978
1.6681005372000626e-05,9,0.7066441228775067,0.18416556712381024
1.6681005372000626e-05,10,0.7674419218405113,0.19030210166974593
1.6681005372000626e-05,11,0.7736587522358428,0.18779398671523254
1.6681005372000626e-05,12,0.753171653894261,0.21121988796845872
1.6681005372000626e-05,13,0.7051025823306211,0.19188468096204406
1.6681005372000626e-05,14,0.7426853347963321,0.19357261826283498
2.257019719633926e-05,0,0.7907869313948653,0.222067928683245
2.257019719633926e-05,1,0.7722157169913404,0.197047016319893
2.257019719633926e-05,2,0.7493644498957639,0.20712712913826947
2.257019719633926e-05,3,0.7334935139975496,0.2040855158267435
2.257019719633926e-05,4,0.7088216816840495,0.20698146157051048
2.257019719633926e-05,5,0.755693083196347,0.19892209843885497
2.257019719633926e-05,6,0.7784762346246896,0.20355139934291183
2.257019719633926e-05,7,0.7571668218461756,0.1914175054872902
2.257019719633926e-05,8,0.7685614098183502,0.19873938725292972
2.257019719633926e-05,9,0.7097043099629061,0.18857577956718727
2.257019719633926e-05,10,0.7742507860301537,0.19453447943018826
2.257019719633926e-05,11,0.7776560467499323,0.19263084046190665
2.257019719633926e-05,12,0.7609458645257625,0.21681327245254006
2.257019719633926e-05,13,0.7141131392467933,0.19638430126362533
2.257019719633926e-05,14,0.7485442578671972,0.19819964063826737
3.053855508833419e-05,0,0.7970361186128346,0.2284380150731884
3.053855508833419e-05,1,0.7777212694855864,0.20247117492813113
3.053855508833419e-05,2,0.7555418144636469,0.21271466825330695
3.053855508833419e-05,3,0.7416754244892636,0.20911820894809716
3.053855508833419e-05,4,0.7190333173758914,0.21194009415602505
3.053855508833419e-05,5,0.7594953779852887,0.20435920974326643
3.053855508833419e-05,6,0.7845209203955236,0.2086096491488088
3.053855508833419e-05,7,0.7637854061093471,0.19607381054976153
3.053855508833419e-05,8,0.7724723956898283,0.20389645776812296
3.053855508833419e-05,9,0.7135027301252551,0.1931830261632484
3.053855508833419e-05,10,0.780589596895644,0.19913937340771223
3.053855508833419e-05,11,0.7816522889175351,0.1977995592702839
3.053855508833419e-05,12,0.7682578207239801,0.22281095053253486
3.053855508833419e-05,13,0.7226980183976792,0.20122778028257876
3.053855508833419e-05,14,0.7545145791734362,0.2031517798736873
4.132012400115343e-05,0,0.8027196926663125,0.23524357464133475
4.132012400115343e-05,1,0.7826449463021784,0.20834024185539696
4.132012400115343e-05,2,0.7613645023648402,0.2187064357269367
4.132012400115343e-05,3,0.7494580536224991,0.21452076782923832
4.132012400115343e-05,4,0.7281479228607152,0.21732169144208954
4.132012400115343e-05,5,0.7634530148214703,0.2101573408057468
4.132012400115343e-05,6,0.7899891929849786,0.21408870468335212
4.132012400115343e-05,7,0.7700699566599902,0.20107059111955086
4.132012400115343e-05,8,0.775977871548921,0.2094660000027525
4.132012400115343e-05,9,0.7180283484268681,0.19803603666159264
4.132012400115343e-05,10,0.7864479562777326,0.20414928047567257
4.132012400115343e-05,11,0.7856434247342743,0.2033347433639222
4.132012400115343e-05,12,0.7750603575721593,0.22923781952507785
4.132012400115343e-05,13,0.7307773758369407,0.20644959934819712
4.132012400115343e-05,14,0.760509786686349,0.20847192477210663
5.590810182512234e-05,0,0.8079111113307529,0.24251636378724611
5.590810182512234e-05,1,0.7870392844839713,0.21465501137517293
5.590810182512234e-05,2,0.7668496601951684,0.2251211868445118
5.590810182512234e-05,3,0.7567385612701045,0.22031861438097594
5.590810182512234e-05,4,0.7361979884102121,0.22315127098004248
5.590810182512234e-05,5,0.7675083209717475,0.21635523365803597
5.590810182512234e-05,6,0.7948702230261866,0.2200000415257459
5.590810182512234e-05,7,0.7759553753620432,0.20644323019051977
5.590810182512234e-05,8,0.7790968948180088,0.21543726733995167
5.590810182512234e-05,9,0.7231460191251082,0.20320785278617381
5.590810182512234e-05,10,0.7918208562401697,0.20959266248710773
5.590810182512234e-05,11,0.7895942587691978,0.20925868115144505
5.590810182512234e-05,12,0.7813255960101739,0.23615318266679
5.590810182512234e-05,13,0.7382665428762967,0.21213148975580035
5.590810182512234e-05,14,0.7664009267203316,0.2142040036544983
7.564633275546306e-05,0,0.8127001995223607,0.2502603235671561
7.564633275546306e-05,1,0.7909826563195168,0.2214232765619676
7.564633275546306e-05,2,0.7720199420450128,0.2320142247291436
7.564633275546306e-05,3,0.7634360991656133,0.22654842527076444
7.564633275546306e-05,4,0.7432769009206753,0.22943328561737567
7.564633275546306e-05,5,0.7715659318021084,0.22296979847481785
7.564633275546306e-05,6,0.7991858242334644,0.22634989701818603
7.564633275546306e-05,7,0.781388017524808,0.21223431499630424
7.564633275546306e-05,8,0.7818541979754959,0.2218523092567486
7.564633275546306e-05,9,0.7286459210129341,0.20875764363566543
7.564633275546306e-05,10,0.7967218550462104,0.2154718850229236
7.564633275546306e-05,11,0.7934684833305294,0.21560284444064184
7.564633275546306e-05,12,0.7870651700195834,0.243573784214612
7.564633275546306e-05,13,0.7451028228685423,0.21827206564577242
7.564633275546306e-05,14,0.7720624215124596,0.2203942216772727
0.00010235310218990269,0,0.8171930293217026,0.2584890644351316
0.00010235310218990269,1,0.7945828068163343,0.22867030372306948
0.00010235310218990269,2,0.7769137677074693,0.23940296974058223
0.00010235310218990269,3,0.7695189241680371,0.2332429665135851
0.00010235310218990269,4,0.7495256875328236,0.23617999892563055
0.00010235310218990269,5,0.7755336119534775,0.2300383941039742
0.00010235310218990269,6,0.8030020251644368,0.23318148938944647
0.00010235310218990269,7,0.7863498396780371,0.2184597200477346
0.00010235310218990269,8,0.7843026768438178,0.22876217301720267
0.00010235310218990269,9,0.7343003296913801,0.21472479909427408
0.00010235310218990269,10,0.8011916660521742,0.22180276160851842
0.00010235310218990269,11,0.7972512432669064,0.22239151359045906
0.00010235310218990269,12,0.7923384290144582,0.25148546587204856
0.00010235310218990269,13,0.7512674843204841,0.2248819825755299
0.00010235310218990269,14,0.7774098425776974,0.22705303615891992
0.00013848863713938745,0,0.8215058984833636,0.26721876272872896
0.00013848863713938745,1,0.7979707672123696,0.23641570127473624
0.00013848863713938745,2,0.7815894313899457,0.24728650306058295
0.00013848863713938745,3,0.7750174958598937,0.2404273430417732
0.00013848863713938745,4,0.7551149368966081,0.24341028617724586
0.00013848863713938745,5,0.779352593008329,0.23756511029254418
0.00013848863713938745,6,0.8064285837450971,0.2404961866348144
0.00013848863713938745,7,0.7908709185176677,0.22514331821261668
0.00013848863713938745,8,0.7865327205950065,0.23615055057285186
0.00013848863713938745,9,0.7399134388760243,0.22111439572338507
0.00013848863713938745,10,0.805300420246264,0.22861146467058446
0.00013848863713938745,11,0.8009598054933694,0.22963270736075667
0.00013848863713938745,12,0.797247491229867,0.25993034090036626
0.00013848863713938745,13,0.7567963962897567,0.23198944640694413
0.00013848863713938745,14,0.7824203923995792,0.23419912677105445
0.00018738174228603868,0,0.8257559996088492,0.27647637213287835
0.00018738174228603868,1,0.8012879861810633,0.24467260247307793
0.00018738174228603868,2,0.7861231165219849,0.2556869788024719
0.00018738174228603868,3,0.7800210524988429,0.24810830671157855
0.00018738174228603868,4,0.7602252734420574,0.251149334735589
0.00018738174228603868,5,0.783012363424137,0.245589729284516
0.00018738174228603868,6,0.8096081079679316,0.24832824439560844
0.00018738174228603868,7,0.7950283750564444,0.23230242811364823
0.00018738174228603868,8,0.7886675216556446,0.2440465908596084
0.00018738174228603868,9,0.7453543239015954,0.22797203117545833
0.00018738174228603868,10,0.8091438341389452,0.23594174146325098
0.00018738174228603868,11,0.8046423763915387,0.23731620257932062
0.00018738174228603868,12,0.8019227961785647,0.2688919110628757
0.00018738174228603868,13,0.761777648374308,0.23959278400162864
0.00018738174228603868,14,0.7871335601871986,0.2418641258494866
0.00025353644939701164,0,0.8300516633280013,0.286302424907376
0.00025353644939701164,1,0.8046715224794885,0.25347053628461996
0.00025353644939701164,2,0.7906025060084881,0.2646250793051988
0.00025353644939701164,3,0.7846609969939964,0.2563142353534915
0.00025353644939701164,4,0.7650305036407803,0.25941338556242555
0.00025353644939701164,5,0.7865501503344421,0.25414797608811146
0.00025353644939701164,6,0.8126991673536609,0.25667444575916487
0.00025353644939701164,7,0.7989343157503549,0.2399655435206857
0.00025353644939701164,8,0.7908484399463036,0.2524538020594931
0.00025353644939701164,9,0.750569194993898,0.23532481825070162
0.00025353644939701164,10,0.8128347747883817,0.2438021146757153
0.00025353644939701164,11,0.8083684472754091,0.24546659220713118
0.00025353644939701164,12,0.8065050120411066,0.2783863041431326
0.00025353644939701164,13,0.7663388500264117,0.24771644825823216
0.00025353644939701164,14,0.7916358644167278,0.25006525505826155
0.0003430469286314926,0,0.8344840667209485,0.2966918741911451
0.0003430469286314926,1,0.808241665247177,0.2628043860763508
0.0003430469286314926,2,0.7951181946537786,0.27410901665013676
0.0003430469286314926,3,0.7890880266493253,0.26505441441168726
0.0003430469286314926,4,0.7696863286367064,0.2682214930028972
0.0003430469286314926,5,0.7900392730492354,0.2632458110150444
0.0003430469286314926,6,0.8158582671907627,0.265568154640559
0.0003430469286314926,7,0.8027181063669768,0.24813618630761244
0.0003430469286314926,8,0.7932167646083083,0.2613895037219597
0.0003430469286314926,9,0.755574907265897,0.24317753868726533
0.0003430469286314926,10,0.8164922089498644,0.2521998024943745
0.0003430469286314926,11,0.8122153731620934,0.25409935378953963
0.0003430469286314926,12,0.811128367238082,0.28846530844297996
0.0003430469286314926,13,0.7706291228805564,0.2563837563127425
0.0003430469286314926,14,0.7960375254344064,0.25880606380791515
0.00046415888336127914,0,0.8391208906930918,0.30766585523835693
0.00046415888336127914,1,0.8120939788369637,0.2726952314541269
0.00046415888336127914,2,0.7997546808480412,0.28416652258367336
0.00046415888336127914,3,0.7934500607867885,0.27435035962577226
0.00046415888336127914,4,0.7743248946161821,0.27756475680521375
0.00046415888336127914,5,0.7935720557633661,0.2728977545905153
0.00046415888336127914,6,0.8192241786026203,0.2750298031560645
0.00046415888336127914,7,0.8065083308492157,0.2568332753829013
0.00046415888336127914,8,0.7958973482165379,0.27088685622956515
0.00046415888336127914,9,0.7604397709957289,0.25155916763481534
0.00046415888336127914,10,0.8202293250500299,0.26115756126512546
0.00046415888336127914,11,0.8162551738544903,0.2632570927811394
0.00046415888336127914,12,0.8159077506183762,0.299145853359702
0.00046415888336127914,13,0.7748007475659905,0.2655936095921043
0.00046415888336127914,14,0.8004492238700303,0.26810588638293986
0.0006280291441834272,0,0.8440016681597787,0.31924639828947554
0.0006280291441834272,1,0.8162951434994388,0.28314416542962606
0.0006280291441834272,2,0.8045818921566292,0.2948080464328982
0.0006280291441834272,3,0.7978753518075314,0.28423356012252526
0.0006280291441834272,4,0.7790528519050115,0.2874435165522656
0.0006280291441834272,5,0.7972421789876397,0.28312890696681553
0.0006280291441834272,6,0.8229060706055119,0.28505802851858364
0.0006280291441834272,7,0.8104177895437139,0.2660737755684121
0.0006280291441834272,8,0.7989867695059039,0.2809424005170839
0.0006280291441834272,9,0.7652590692546797,0.26048854223201534
0.0006280291441834272,10,0.824142071328924,0.2706683561271571
0.0006280291441834272,11,0.8205437159152903,0.27294097336479983
0.0006280291441834272,12,0.8209292776079483,0.3104212561034921
0.0006280291441834272,13,0.7789936622581801,0.2753435750892489
0.0006280291441834272,14,0.8049644437674648,0.2779831818770719
0.0008497534359086473,0,0.8491349549876952,0.33143621818742824
0.0008497534359086473,1,0.8208807485745943,0.2941665105924159
0.0008497534359086473,2,0.8096477396907691,0.30604479731877093
0.0008497534359086473,3,0.8024618082360554,0.2947066346536148
0.0008497534359086473,4,0.7839495908905547,0.29789279400927554
0.0008497534359086473,5,0.8011294713636571,0.29393549519091994
0.0008497534359086473,6,0.8269754790289758,0.2956683505608001
0.0008497534359086473,7,0.8145325292616854,0.2758569454679688
0.0008497534359086473,8,0.8025459957425645,0.2915701588156524
0.0008497534359086473,9,0.7701314267483836,0.26997442836112695
0.0008497534359086473,10,0.8282990537926176,0.2807531717490153
0.0008497534359086473,11,0.8251128543712548,0.2831689263490284
0.0008497534359086473,12,0.8262431540597843,0.3222860442470329
0.0008497534359086473,13,0.783323803725047,0.2856522187395697
0.0008497534359086473,14,0.809649243999246,0.28844137135105363
0.0011497569953977404,0,0.854498355579111,0.34424512360947024
0.0011497569953977404,1,0.8258539013272118,0.3057724878231098
0.0011497569953977404,2,0.8149724635777609,0.31791049656368964
0.0011497569953977404,3,0.8072714657969605,0.30578132365714916
0.0011497569953977404,4,0.7890636331755113,0.3089136442502646
0.0011497569953977404,5,0.805288630598803,0.3053453929862347
0.0011497569953977404,6,0.8314618586580679,0.30686587424651685
0.0011497569953977404,7,0.8189046179530031,0.28619823132173366
0.0011497569953977404,8,0.8065964734689688,0.3027842062916722
0.0011497569953977404,9,0.775139627198967,0.28003284174651505
0.0011497569953977404,10,0.8327339724860472,0.29143929547673514
0.0011497569953977404,11,0.8299656303074857,0.29394820845622593
0.0011497569953977404,12,0.8318587589829042,0.33475552224049676
0.0011497569953977404,13,0.7878748744183969,0.2965689765888676
0.0011497569953977404,14,0.8145385800236196,0.29947701970295043
0.0015556761439304723,0,0.8600426861939249,0.3576467550455988
0.0015556761439304723,1,0.8311852011961347,0.3179467402706242
0.0015556761439304723,2,0.8205460916641858,0.3304045347381549
0.0015556761439304723,3,0.8123287854028413,0.31746683123515385
0.0015556761439304723,4,0.794407956479575,0.3205061205578786
0.0015556761439304723,5,0.8097427502676028,0.3173719511828404
0.0015556761439304723,6,0.8363518181203222,0.3186424124277249
0.0015556761439304723,7,0.8235484261388846,0.297092399907
0.0015556761439304723,8,0.8111191706388534,0.31461252900059844
0.0015556761439304723,9,0.7803373655093204,0.29065165300525514
0.0015556761439304723,10,0.8374421531291254,0.302712733063669
0.0015556761439304723,11,0.8350750262458633,0.30529592173882275
0.0015556761439304723,12,0.8377435091503269,0.3478323967913354
0.0015556761439304723,13,0.7926930225039218,0.3080688242245465
0.0015556761439304723,14,0.8196372963055847,0.31109634803961866
0.002104904144512022,0,0.8657005453124917,0.37163178588357865
0.002104904144512022,1,0.8368157456959429,0.33069669539078533
0.002104904144512022,2,0.8263303246141157,0.3435230976378735
0.002104904144512022,3,0.817622246304883,0.32976283490373554
0.002104904144512022,4,0.7999573780688467,0.3326879537746407
0.002104904144512022,5,0.8144822851457026,0.3299889648821637
0.002104904144512022,6,0.8415923837378969,0.3310047060578394
0.002104904144512022,7,0.8284407820711519,0.3085751911088766
0.002104904144512022,8,0.8160571521802233,0.3270378201214611
0.002104904144512022,9,0.7857425308661383,0.301814228473047
0.002104904144512022,10,0.8423825443102115,0.3145865778596023
0.002104904144512022,11,0.8403871282858161,0.31721372324288477
0.002104904144512022,12,0.8438275101868165,0.3615015823988144
0.002104904144512022,13,0.7977846852556152,0.32013644859497514
0.002104904144512022,14,0.8249242194106835,0.3232771083998997
0.0028480358684358047,0,0.8713977477971375,0.38623509878449797
0.0028480358684358047,1,0.8426643905680306,0.3440129961889769
0.0028480358684358047,2,0.8322651098231157,0.35727497877054165
0.0028480358684358047,3,0.8231093308858943,0.34265959824944436
0.0028480358684358047,4,0.8056513295962576,0.34545146260701093
0.0028480358684358047,5,0.8194694224538985,0.34320613423004676
0.0028480358684358047,6,0.8470984031938706,0.34395473999402143
0.0028480358684358047,7,0.8335255905896388,0.32061493609475206
0.0028480358684358047,8,0.821322553928969,0.34004946634628147
0.0028480358684358047,9,0.7913373780691916,0.3135295527506513
0.0028480358684358047,10,0.8474854575530201,0.3270560514123643
0.0028480358684358047,11,0.8458289775281773,0.32973030194437636
0.0028480358684358047,12,0.8500145461868855,0.37575937671061194
0.0028480358684358047,13,0.8031184906550904,0.3328038153085819
0.0028480358684358047,14,0.8303584558977233,0.3360512773740749
0.0038535285937105353,0,0.8770645882780616,0.40146829635211484
0.0038535285937105353,1,0.8486386684541056,0.35789940036263496
0.0038535285937105353,2,0.8382784469037953,0.3716559289574367
0.0038535285937105353,3,0.8287247678895439,0.35615542007657885
0.0038535285937105353,4,0.811403248412176,0.3588034092100318
0.0038535285937105353,5,0.8246465729092418,0.35700329120191526
0.0038535285937105353,6,0.852763500104266,0.3574920304885676
0.0038535285937105353,7,0.8387228945924817,0.33321084549779206
0.0038535285937105353,8,0.8268078943241527,0.3536471077052455
0.0038535285937105353,9,0.7970752588941917,0.325797583712596
0.0038535285937105353,10,0.8526646826398611,0.3401003131695445
0.0038535285937105353,11,0.8513198710325851,0.3428637530887831
0.0038535285937105353,12,0.8561974291213675,0.3906290525587109
0.0038535285937105353,13,0.8086318558243306,0.34606191350848303
0.0038535285937105353,14,0.83588722910501,0.34941013599002185
0.005214008287999695,0,0.8826436295443514,0.41732896508982825
0.005214008287999695,1,0.8546467362472143,0.3723739651471601
0.005214008287999695,2,0.8442965533996668,0.3866517884122013
0.005214008287999695,3,0.8343909492288554,0.37024663610474357
0.005214008287999695,4,0.8171148011560897,0.37273205566142426
0.005214008287999695,5,0.8299464602300018,0.3713977653167184
0.005214008287999695,6,0.8584730280612557,0.3716273858024134
0.005214008287999695,7,0.8439410979621355,0.34634817173585886
0.005214008287999695,8,0.8324000621442287,0.36783085521443604
0.005214008287999695,9,0.8028920552773418,0.3386075961179789
0.005214008287999695,10,0.8578312118588095,0.3537166349386601
0.005214008287999695,11,0.856783256909976,0.3565859218566623
0.005214008287999695,12,0.8622737425999574,0.40612530221709625
0.005214008287999695,13,0.8142417012857508,0.35992922666839405
0.005214008287999695,14,0.8414541354792111,0.3633672982528022
0.00705480231071866,0,0.8880918322856175,0.4338291466237095
0.00705480231071866,1,0.8606068192726942,0.387481654825608
0.00705480231071866,2,0.8502513031641821,0.4022585727711213
0.00705480231071866,3,0.8400284426617629,0.38496934258172927
0.00705480231071866,4,0.82269111722045,0.3872668005367936
0.00705480231071866,5,0.8353009045783536,0.38638079912589834
0.00705480231071866,6,0.8641166385439705,0.3863513174071864
0.00705480231071866,7,0.8490897934151003,0.36004431186856833
0.00705480231071866,8,0.8379940420425217,0.3826102939252661
0.00705480231071866,9,0.8087188588211622,0.3519663538460909
0.00705480231071866,10,0.8629053277858705,0.3679288222696542
0.00705480231071866,11,0.8621557784245221,0.3708802283330986
0.00705480231071866,12,0.8681578259511868,0.4222400095258074
0.00705480231071866,13,0.8198571890098304,0.374415516223019
0.00705480231071866,14,0.8470060156335122,0.37788279570305516
0.009545484566618367,0,0.8933768769355876,0.4509251893167662
0.009545484566618367,1,0.8664514915974328,0.40317803919935224
0.009545484566618367,2,0.8560830414118584,0.418488857638699
0.009545484566618367,3,0.8455641886299198,0.40026067395500603
0.009545484566618367,4,0.8280530986777084,0.4023806854406728
0.009545484566618367,5,0.8406462412178898,0.401947596299436
0.009545484566618367,6,0.8695979369556,0.4016534142484101
0.009545484566618367,7,0.8540900948247192,0.3743156562832747
0.009545484566618367,8,0.8435032424268366,0.39798871688785176
0.009545484566618367,9,0.8144920318913125,0.3658843826794038
0.009545484566618367,10,0.8678243896217392,0.3827391186959046
0.009545484566618367,11,0.8673909494831881,0.3857251474523282
0.009545484566618367,12,0.8737865182832307,0.4389906973925028
0.009545484566618367,13,0.8253915194879614,0.38952580887471927
0.009545484566618367,14,0.8524965416184257,0.3929745060290446
0.01291549665014888,0,0.8984696766046905,0.46857634070752696
0.01291549665014888,1,0.8721262825992577,0.4194487423179569
0.01291549665014888,2,0.8617388891638628,0.43533107255303466
0.01291549665014888,3,0.8509356114665316,0.4161194404827765
0.01291549665014888,4,0.8331442758327552,0.4180909826906196
0.01291549665014888,5,0.8459249666823986,0.4181116545573998
0.01291549665014888,6,0.8748395901194889,0.41754260062035353
0.01291549665014888,7,0.8588800451098221,0.38916075009121986
0.01291549665014888,8,0.8488642488896253,0.4139787905681251
0.01291549665014888,9,0.8201581188155134,0.38033478905757434
0.01291549665014888,10,0.8725449640125691,0.39814071725625977
0.01291549665014888,11,0.8724569007332007,0.40111462263599995
0.01291549665014888,12,0.8791186121052013,0.45636630740364964
0.01291549665014888,13,0.8307701356188416,0.40527974967778957
0.01291549665014888,14,0.8578856117169447,0.4086182270230342
0.0174752840000769,0,0.9033364818836968,0.4867543130829756
0.0174752840000769,1,0.8775843055174587,0.4362596141827312
0.0174752840000769,2,0.8671684745920005,0.45273720483896024
0.0174752840000769,3,0.8560902908529618,0.4325612105708177
0.0174752840000769,4,0.8379315151635248,0.43438550017185357
0.0174752840000769,5,0.8510846730567915,0.4348156097428408
0.0174752840000769,6,0.8797838099284865,0.4340244972212933
0.0174752840000769,7,0.8634144445510094,0.4045818937912906
0.0174752840000769,8,0.8540354199073732,0.43058627231178437
0.0174752840000769,9,0.8256734492437917,0.3952943131927334
0.0174752840000769,10,0.8770395479556751,0.41410663082181776
0.0174752840000769,11,0.8773296412969348,0.41706421599148213
0.0174752840000769,12,0.8841297696686696,0.47439635562928345
0.0174752840000769,13,0.8359339998588556,0.42164243816856173
0.0174752840000769,14,0.863135342515412,0.4248030739908424
0.02364489412645417,0,0.9079340003729068,0.5054030640027959
0.02364489412645417,1,0.8827798228857043,0.4535481341803464
0.02364489412645417,2,0.8723198469224456,0.4706651349508037
0.02364489412645417,3,0.8609824361911802,0.4495883842288572
0.02364489412645417,4,0.8424004166184533,0.4512394602949832
0.02364489412645417,5,0.8560758300603207,0.45204886021607954
0.02364489412645417,6,0.8843894966555469,0.45104217679607794
0.02364489412645417,7,0.8676605391056513,0.42054320311277177
0.02364489412645417,8,0.8589903387633273,0.4477759968397456
0.02364489412645417,9,0.8310002858072186,0.4107511565212113
0.02364489412645417,10,0.8812896699756727,0.43058661362908696
0.02364489412645417,11,0.8819846305984473,0.433536016889833
0.02364489412645417,12,0.8888052609734951,0.4929697768006102
0.02364489412645417,13,0.8408382428561815,0.4386072035489107
0.02364489412645417,14,0.8682048695100472,0.441511538463538
0.03199267137797385,0,0.9122095770747626,0.5243212794228033
0.03199267137797385,1,0.8876636308959545,0.47123053429921724
0.03199267137797385,2,0.877137893077007,0.4890512148624446
0.03199267137797385,3,0.8655685054136892,0.46711322161209934
0.03199267137797385,4,0.8465473484744502,0.4685983825548068
0.03199267137797385,5,0.8608495854652082,0.4697536524811122
0.03199267137797385,6,0.8886278562859473,0.4685062209902174
0.03199267137797385,7,0.8715923749188126,0.43699973414710513
0.03199267137797385,8,0.8637084191553117,0.46552040715559306
0.03199267137797385,9,0.836102062660057,0.42668284467799755
0.03199267137797385,10,0.8852782446192315,0.44752108498330667
0.03199267137797385,11,0.8863899215387704,0.4504189271220888
0.03199267137797385,12,0.8931327380650111,0.5119959733709312
0.03199267137797385,13,0.845447772475395,0.45612859568491987
0.03199267137797385,14,0.8730465332644073,0.45866396401243836
0.043287612810830614,0,0.9161064649260491,0.5433182858601533
0.043287612810830614,1,0.89218222317679,0.4891561468412611
0.043287612810830614,2,0.8815662593940098,0.5077804578180308
0.043287612810830614,3,0.8698044603379821,0.4850361900160981
0.043287612810830614,4,0.8503708000638206,0.48638014863046974
0.043287612810830614,5,0.86535622642595,0.48784574501300404
0.043287612810830614,6,0.8924781357833207,0.48631048796732357
0.043287612810830614,7,0.8751866187282407,0.4538876264883177
0.043287612810830614,8,0.8681658081248285,0.4837029794863703
0.043287612810830614,9,0.8409397819820983,0.44305468904656337
0.043287612810830614,10,0.8889842038024333,0.4647825362901578
0.043287612810830614,11,0.8905036322956016,0.4675603333505848
0.043287612810830614,12,0.8970970067578342,0.5313267304855239
0.043287612810830614,13,0.849732099013376,0.47415153440480884
0.043287612810830614,14,0.8776052824699305,0.4761511185012569
0.058570208180566734,0,0.919572581513875,0.5621790230349224
0.058570208180566734,1,0.8962813839659969,0.5071375281076396
0.058570208180566734,2,0.8855523402744165,0.5266594569240775
0.058570208180566734,3,0.8736463326599342,0.503220605697177
0.058570208180566734,4,0.8538648699609662,0.504456670597908
0.058570208180566734,5,0.8695448522619056,0.5061404637591763
0.058570208180566734,6,0.8959247756769606,0.5042748608212096
0.058570208180566734,7,0.8784214463465656,0.47105869763936564
0.058570208180566734,8,0.8723298271867876,0.5022014721684439
0.058570208180566734,9,0.8454707503019022,0.4597577043718179
0.058570208180566734,10,0.8923813805963114,0.48221573035368126
0.058570208180566734,11,0.8942770111478971,0.48479284623276886
0.058570208180566734,12,0.9006784354576731,0.550732081561804
0.058570208180566734,13,0.8536616334557052,0.4925712096192548
0.058570208180566734,14,0.8818218243060132,0.49388048804925017
0.07924828983539185,0,0.9225703313920347,0.580607251451056
0.07924828983539185,1,0.8999134774417967,0.5248992656775374
0.07924828983539185,2,0.889054012213506,0.5454359124722685
0.07924828983539185,3,0.8770543888973522,0.5214527586422456
0.07924828983539185,4,0.8570169961469507,0.5226422724291816
0.07924828983539185,5,0.8733650372283691,0.5243889197369357
0.07924828983539185,6,0.8989569180688162,0.52214554974923
0.07924828983539185,7,0.8812785291950942,0.4882943505682072
0.07924828983539185,8,0.87615915193582,0.5208098827639869
0.07924828983539185,9,0.8496500709986267,0.47663641021034153
0.07924828983539185,10,0.8954417842825759,0.49963264097807664
0.07924828983539185,11,0.897662280740689,0.501856546413684
0.07924828983539185,12,0.9038557860635245,0.5699549262308976
0.07924828983539185,13,0.8572070536843902,0.5111289808987725
0.07924828983539185,14,0.8856388991790566,0.5116288402272744
0.10722672220103253,0,0.9250848218983285,0.598245696757709
0.10722672220103253,1,0.9030464058339759,0.5421809022639825
0.10722672220103253,2,0.8920465412679834,0.5638027375260857
0.10722672220103253,3,0.8799997698234145,0.5394723231248815
0.10722672220103253,4,0.8598105680986968,0.5407281606801061
0.10722672220103253,5,0.8767711815858097,0.5423392589102655
0.10722672220103253,6,0.901570467214069,0.5396484170172418
0.10722672220103253,7,0.8837469770771404,0.5053308162387479
0.10722672220103253,8,0.87960984540741,0.5392544329049642
0.10722672220103253,9,0.8534347010894244,0.49348474162338407
0.10722672220103253,10,0.8981416922298899,0.5167285321135391
0.10722672220103253,11,0.9006226222716502,0.5185020411836082
0.10722672220103253,12,0.9066126403152979,0.5886603079819137
0.10722672220103253,13,0.8603421383200609,0.5296179646862448
0.10722672220103253,14,0.8890093607460595,0.5291412843363608
0.1450828778495943,0,0.927127995290783,0.6147592252832221
0.1450828778495943,1,0.9056712978747442,0.5586477412726335
0.1450828778495943,2,0.8945280181047053,0.5814260377988923
0.1450828778495943,3,0.882471429110871,0.5569330551366911
0.1450828778495943,4,0.8622312818320385,0.5584322502846162
0.1450828778495943,5,0.8797293069115042,0.559681945413697
0.1450828778495943,6,0.9037716609586676,0.5563930067386529
0.1450828778495943,7,0.8858275557327336,0.5219162151754921
0.1450828778495943,8,0.8826450259968324,0.5571342734098674
0.1450828778495943,9,0.8567893013032466,0.5100597510319969
0.1450828778495943,10,0.9004681226825899,0.5331443078000266
0.1450828778495943,11,0.9031408473728836,0.5343867106456172
0.1450828778495943,12,0.9089448411713258,0.6064616599040397
0.1450828778495943,13,0.8630491027280819,0.5477208010522066
0.1450828778495943,14,0.8919042785617758,0.5460701707896853
0.19630406500402764,0,0.928737206580857,0.6298522224216769
0.19630406500402764,1,0.9078060241738019,0.5739336546090817
0.19630406500402764,2,0.896521605871191,0.5979458904683526
0.19630406500402764,3,0.884480793936415,0.5735235786506695
0.19630406500402764,4,0.8642746253625644,0.5754389456236189
0.19630406500402764,5,0.8822244429515574,0.5761156799552274
0.19630406500402764,6,0.905580076062763,0.5720230985715558
0.19630406500402764,7,0.8875354652811385,0.5376650912799357
0.19630406500402764,8,0.8852444562641106,0.5740955804713996
0.19630406500402764,9,0.8596925244402017,0.5260145139648477
0.19630406500402764,10,0.9024233839736177,0.5485124726471458
0.19630406500402764,11,0.9052238167557427,0.5491736838932921
0.19630406500402764,12,0.9108656645509356,0.6229966862201997
0.19630406500402764,13,0.8653244089068224,0.5650860816860759
0.19630406500402764,14,0.8943188844268426,0.5620613853107169
0.2656087782946695,0,0.9299686583975272,0.6432815206724192
0.2656087782946695,1,0.9094930113254585,0.5877803954230969
0.2656087782946695,2,0.8980733443856502,0.6130565235149823
0.2656087782946695,3,0.8860621223803259,0.5889053281777658
0.2656087782946695,4,0.8659513879649066,0.5913944350874903
0.2656087782946695,5,0.8842655964187254,0.5913287507139041
0.2656087782946695,6,0.9070290829793598,0.5862554641793384
0.2656087782946695,7,0.8889004189119337,0.5522354614287884
0.2656087782946695,8,0.8874104475234119,0.5897885373388023
0.2656087782946695,9,0.8621419516180758,0.5410129859095958
0.2656087782946695,10,0.9040262742341235,0.56253226970083
0.2656087782946695,11,0.9069013225220046,0.5625796607586432
0.2656087782946695,12,0.9124064797836666,0.637974356253567
0.2656087782946695,13,0.8671826712922808,0.581336839782594
0.2656087782946695,14,0.8962742944900204,0.5767479697504402
0.35938136638046403,0,0.9308879863085622,0.6549335441876423
0.35938136638046403,1,0.9107920838265261,0.599974092189475
0.35938136638046403,2,0.899245642343341,0.6265328790342508
0.35938136638046403,3,0.8872680664424498,0.6027902150811614
0.35938136638046403,4,0.8672889808831445,0.6060022294519501
0.35938136638046403,5,0.8858857728097536,0.6050493741946879
0.35938136638046403,6,0.9081630714639868,0.5988660251077779
0.35938136638046403,7,0.8899637322827196,0.5653929137190387
0.35938136638046403,8,0.8891681658708575,0.6039329845614064
0.35938136638046403,9,0.8641559536356956,0.5547902882075522
0.35938136638046403,10,0.9053097673765522,0.5749975592948214
0.35938136638046403,11,0.9082202694626772,0.5743978222335809
0.35938136638046403,12,0.9136128506628551,0.6511615201714952
0.35938136638046403,13,0.8686568871926326,0.596160853743423
0.35938136638046403,14,0.8978141048431654,0.5898784545821205
0.4862601580065373,0,0.931561015240138,0.6647528505488469
0.4862601580065373,1,0.9117709340073342,0.6104621741579617
0.4862601580065373,2,0.9001082943128291,0.6381927900982954
0.4862601580065373,3,0.8881618257822641,0.6149904768053253
0.4862601580065373,4,0.8683282916025205,0.6190057799955949
0.4862601580065373,5,0.8871366499384521,0.6171087124462232
0.4862601580065373,6,0.909032373128876,0.609751385161754
0.4862601580065373,7,0.8907732946545377,0.5769393290501036
0.4862601580065373,8,0.8905608089639825,0.6163492440684754
0.4862601580065373,9,0.8657716130091431,0.5670898124782283
0.4862601580065373,10,0.9063162027991767,0.5857881697896534
0.4862601580065373,11,0.909236541610863,0.5845609038469236
0.4862601580065373,12,0.9145379411725323,0.6624683983381427
0.4862601580065373,13,0.8697946543930075,0.609338948498757
0.4862601580065373,14,0.898996869650995,0.6013187270806629
0.657933224657571,0,0.9320469750433712,0.6728394957502433
0.657933224657571,1,0.9124962421770576,0.6192393315195257
0.657933224657571,2,0.900729705645457,0.6480325814260747
0.657933224657571,3,0.8888084535790672,0.6254152513461605
0.657933224657571,4,0.8691176738532684,0.6302558529205678
0.657933224657571,5,0.8880798959136939,0.6274489821374596
0.657933224657571,6,0.9096876724993266,0.6189035836163506
0.657933224657571,7,0.8913780065697527,0.5867993211566987
0.657933224657571,8,0.8916419319431907,0.6269553603444704
0.657933224657571,9,0.8670392602679875,0.5777660906187738
0.657933224657571,10,0.9070916270661629,0.594883328226214
0.657933224657571,11,0.910007201950345,0.5930752008981232
0.657933224657571,12,0.915235698940205,0.6719276600579231
0.657933224657571,13,0.8706516411401596,0.6207404901301421
0.657933224657571,14,0.8998869738151468,0.6110137612927677
0.8902150854450392,0,0.9323949868783823,0.679358527511882
0.8902150854450392,1,0.9130274741601196,0.6264307654049985
0.8902150854450392,2,0.9011704858156177,0.6561510172719569
0.8902150854450392,3,0.8892677463369913,0.634104547619516
0.8902150854450392,4,0.8697064610602803,0.6397599936413016
0.8902150854450392,5,0.8887782215350793,0.6360733583110556
0.8902150854450392,6,0.9101755061680468,0.6264238100267677
0.8902150854450392,7,0.8918231741214365,0.5950072379081863
0.8902150854450392,8,0.892467642695942,0.6357916960733264
0.8902150854450392,9,0.8680153858227297,0.5867885686201579
0.8902150854450392,10,0.9076808238558454,0.6023725579280834
0.8902150854450392,11,0.9105847905422291,0.6000555877894256
0.8902150854450392,12,0.9157556503552904,0.679670777902709
0.8902150854450392,13,0.8712844802089107,0.6303655106915917
0.8902150854450392,14,0.9005465867422102,0.6190475561606235
1.2045035402587836,0,0.9326433630996802,0.684519462408877
1.2045035402587836,1,0.9134138771802047,0.6322204723038193
1.2045035402587836,2,0.9014802308371956,0.6627150742128861
1.2045035402587836,3,0.8895900181597508,0.6411913969727586
1.2045035402587836,4,0.8701399068121954,0.6476014170016345
1.2045035402587836,5,0.8892886380817795,0.6431026411355512
1.2045035402587836,6,0.9105356240124215,0.6324819705122879
1.2045035402587836,7,0.8921476664860709,0.601689106417455
1.2045035402587836,8,0.8930906085618993,0.6429921203950788
1.2045035402587836,9,0.8687559931126603,0.5942298694347566
1.2045035402587836,10,0.9081239288292772,0.6084046090920894
1.2045035402587836,11,0.9110142335041027,0.6056655893267442
1.2045035402587836,12,0.9161399987943855,0.6858803752235559
1.2045035402587836,13,0.8717450586855704,0.6382877017408891
1.2045035402587836,14,0.901030345967408,0.6255603044645347
1.6297508346206468,0,0.932820680303862,0.6885419639972877
1.6297508346206468,1,0.9136940668558626,0.6367898663486825
1.6297508346206468,2,0.9016970781376592,0.6679163955778481
1.6297508346206468,3,0.8898147566777775,0.6468525339458119
1.6297508346206468,4,0.8704563422850429,0.653926048570946
1.6297508346206468,5,0.8896588663244023,0.64872681788024
1.6297508346206468,6,0.910800150969808,0.637272679768838
1.6297508346206468,7,0.8923828728783848,0.6070253843704102
1.6297508346206468,8,0.8935565794699378,0.6487373185616643
1.6297508346206468,9,0.8693118272092554,0.6002456084395761
1.6297508346206468,10,0.9084547827237075,0.6131780485664549
1.6297508346206468,11,0.91133194864323,0.610085006788649
1.6297508346206468,12,0.9164227774836735,0.6907685824757276
1.6297508346206468,13,0.8720771963117357,0.6446728300796392
1.6297508346206468,14,0.9013830294161707,0.6307372601150946
2.20513073990305,0,0.9329476143714694,0.6916403005312133
2.20513073990305,1,0.9138971708911662,0.6403436862016827
2.20513073990305,2,0.9018490107879039,0.6719749555724407
2.20513073990305,3,0.8899713351355563,0.6513004091757645
2.20513073990305,4,0.8706863592039185,0.6589396371871022
2.20513073990305,5,0.889926500007891,0.6531489350427768
2.20513073990305,6,0.9109940140589893,0.641011327421193
2.20513073990305,7,0.8925529984563905,0.6112176460990352
2.20513073990305,8,0.893903147021984,0.6532438316461644
2.20513073990305,9,0.8697258977814855,0.6050213484911684
2.20513073990305,10,0.9087006651856496,0.6168985721654165
2.20513073990305,11,0.9115663625219205,0.6135191290855851
2.20513073990305,12,0.9166303665493961,0.6945613749042456
2.20513073990305,13,0.8723156442575091,0.649729573327376
2.20513073990305,14,0.9016395139538489,0.6347967261080537
2.9836472402833465,0,0.9330388499902681,0.6940040022762652
2.9836472402833465,1,0.9140446033285123,0.6430759154332305
2.9836472402833465,2,0.9019558918272356,0.6751006891622015
2.9836472402833465,3,0.8900807623166789,0.6547476529472738
2.9836472402833465,4,0.8708533439790718,0.6628541797916799
2.9836472402833465,5,0.8901199117900096,0.6565726218334655
2.9836472402833465,6,0.9111360165868353,0.6438865407003503
2.9836472402833465,7,0.8926760964275188,0.614461026146996
2.9836472402833465,8,0.8941600096970804,0.6567306909160354
2.9836472402833465,9,0.8700329173017158,0.6087596020989526
2.9836472402833465,10,0.9088828735145069,0.619762464301644
2.9836472402833465,11,0.9117391020614929,0.6161553388613348
2.9836472402833465,12,0.9167826710384185,0.6974713704793193
2.9836472402833465,13,0.8724867026493371,0.6536703805140326
2.9836472402833465,14,0.9018260220432589,0.6379347378367343
4.037017258596566,0,0.9331047224305525,0.695793034536504
4.037017258596566,1,0.9141518694499673,0.6451572922074109
4.037017258596566,2,0.902031527288434,0.6774886814854302
4.037017258596566,3,0.8901576734031833,0.6573903012566019
4.037017258596566,4,0.870974657581275,0.6658692783248327
4.037017258596566,5,0.890259916883034,0.659199248067242
4.037017258596566,6,0.9112400881490593,0.6460789030870498
4.037017258596566,7,0.8927653366827869,0.6169453355234792
4.037017258596566,8,0.894350008729406,0.6593981853936004
4.037017258596566,9,0.8702599474260622,0.6116441393286268
4.037017258596566,10,0.909017674265974,0.6219440792172567
4.037017258596566,11,0.9118663525948042,0.6181626022560465
4.037017258596566,12,0.9168944573165292,0.6996846444353274
4.037017258596566,13,0.8726096369609035,0.6567088545240097
4.037017258596566,14,0.9019618270119238,0.6403342241569737
5.46227721768436,0,0.9331524906023998,0.6971387133662023
5.46227721768436,1,0.91423011379304,0.6467317514144787
5.46227721768436,2,0.9020854103848618,0.6792986022642894
5.46227721768436,3,0.8902121099039243,0.659397725092448
5.46227721768436,4,0.871062954756646,0.6681693721712463
5.46227721768436,5,0.8903615322883427,0.6611935257504626
5.46227721768436,6,0.9113164414790677,0.6477378831746042
5.46227721768436,7,0.8928302036981215,0.6188321671013722
5.46227721768436,8,0.8944904054749667,0.6614237367392576
5.46227721768436,9,0.8704275967569374,0.6138461172248727
5.46227721768436,10,0.9091173152827978,0.6235993489714058
5.46227721768436,11,0.9119601092097738,0.6196786715773007
5.46227721768436,12,0.9169765747089968,0.7013553631435996
5.46227721768436,13,0.8726982723089791,0.6590261645331891
5.46227721768436,14,0.9020609130107006,0.6421550225002343
7.3907220335258055,0,0.9331872659003382,0.6981462380314122
7.3907220335258055,1,0.9142873311955378,0.6479159596184387
7.3907220335258055,2,0.9021240513566107,0.6806611546935705
7.3907220335258055,3,0.8902509203826267,0.6609123120591389
7.3907220335258055,4,0.8711273704443185,0.6699108216519185
7.3907220335258055,5,0.8904355048608497,0.6626974456394499
7.3907220335258055,6,0.9113725275880639,0.6489862476399442
7.3907220335258055,7,0.8928774884431574,0.6202550630109916
7.3907220335258055,8,0.8945941026821991,0.6629524199409561
7.3907220335258055,9,0.8705513262257305,0.6155134294020064
7.3907220335258055,10,0.9091909371320785,0.6248441267697189
7.3907220335258055,11,0.9120292152854124,0.6208174199443784
7.3907220335258055,12,0.9170369583073466,0.7026103941698719
7.3907220335258055,13,0.872762422532389,0.6607802414919374
7.3907220335258055,14,0.9021333676055069,0.6435273272542497
10.0,0,0.9332126664915096,0.6988980288749526
10.0,1,0.9143292653505517,0.6488029906177988
10.0,2,0.9021519290112995,0.6816826666421195
10.0,3,0.8902787805523209,0.6620493851375382
10.0,4,0.8711744747400847,0.6712213959514002
10.0,5,0.8904895098828272,0.6638258429298368
10.0,6,0.9114137750621769,0.649920939252148
10.0,7,0.8929120492628545,0.6213234848344765
10.0,8,0.8946706833240553,0.6641001510883324
10.0,9,0.8706426312049511,0.6167688894314738
10.0,10,0.9092453259636204,0.625776192994772
10.0,11,0.9120801754716031,0.6216693132424453
10.0,12,0.9170814039028714,0.7035492933972828
10.0,13,0.8728090288043859,0.6621003610284866
10.0,14,0.9021864593029961,0.6445564051567555
