accel_var,true_values_var,r2,roughness
1e-12,1e-12,0.9998786774300239,0.8778258520812556
1e-12,3.8311868495572925e-12,0.9991280759457046,0.7767419005910557
1e-12,1.4677992676220676e-11,0.9964732617516844,0.6465799308441387
1e-12,5.6234132519034906e-11,0.9905903988714303,0.5400171118246765
1e-12,2.1544346900318867e-10,0.9793039594193752,0.47511655400969854
1e-12,8.254041852680207e-10,0.9590471130341295,0.43938943138465225
1e-12,3.1622776601683795e-09,0.9260896621345037,0.41615925919003344
1e-12,1.2115276586285901e-08,0.8770971855821704,0.39397146743187944
1e-12,4.641588833612782e-08,0.811555820814055,0.36341650866188224
1e-12,1.7782794100389227e-07,0.7267031168301237,0.3273313728909283
1e-12,6.812920690579622e-07,0.6156296361690015,0.29300893904228487
1e-12,2.6101572156825386e-06,0.4837114984659502,0.2649751986328083
1e-12,1e-05,0.34214117995249604,0.24365708998049754
1e-12,3.831186849557293e-05,0.189503586614724,0.22479900841323688
1e-12,0.00014677992676220735,0.041526129284305324,0.20742367415474364
1e-12,0.0005623413251903491,-0.07943030438251686,0.1925864430171822
1e-12,0.002154434690031887,-0.18228505366637004,0.17661139844095486
1e-12,0.008254041852680206,-0.32126396582084515,0.15313113556752758
1e-12,0.03162277660168379,-0.5902875141691339,0.13000775431933825
1e-12,0.12115276586285902,-0.9343012199697738,0.1200774787386406
1e-12,0.46415888336127914,-1.1260289934408072,0.12046429254327753
1e-12,1.7782794100389228,-1.186813112492536,0.12260912861908702
1e-12,6.812920690579622,-1.2028052616071374,0.12370564063104769
1e-12,26.10157215682544,-1.2069312667325072,0.12406374387118745
1e-12,100.0,-1.2080030025553876,0.12416295279141244
3.8311868495572925e-12,1e-12,0.9999890998783291,0.9233205088188852
3.8311868495572925e-12,3.8311868495572925e-12,0.9998786774258522,0.8778258565382322
3.8311868495572925e-12,1.4677992676220676e-11,0.9991280759458894,0.7767418678133411
3.8311868495572925e-12,5.6234132519034906e-11,0.9964732610334353,0.6465797465988563
3.8311868495572925e-12,2.1544346900318867e-10,0.9905903886209344,0.5400161745983685
3.8311868495572925e-12,8.254041852680207e-10,0.9793039022249923,0.47511268481325136
3.8311868495572925e-12,3.1622776601683795e-09,0.9590469302334858,0.4393739115356315
3.8311868495572925e-12,1.2115276586285901e-08,0.9260897696790272,0.416096772125551
3.8311868495572925e-12,4.641588833612782e-08,0.8771017375967973,0.39374581694702604
3.8311868495572925e-12,1.7782794100389227e-07,0.8115934205588747,0.36282164925443133
3.8311868495572925e-12,6.812920690579622e-07,0.7269421135918486,0.32651300326891025
3.8311868495572925e-12,2.6101572156825386e-06,0.6164967892614461,0.2925332209311204
3.8311868495572925e-12,1e-05,0.4850590747072605,0.2642939488241895
3.8311868495572925e-12,3.831186849557293e-05,0.3420364751646867,0.24198889875618146
3.8311868495572925e-12,0.00014677992676220735,0.18476577432333652,0.22232498479532542
3.8311868495572925e-12,0.0005623413251903491,0.023803118741545504,0.20259692803140936
3.8311868495572925e-12,0.002154434690031887,-0.12886770336364917,0.18097476250233316
3.8311868495572925e-12,0.008254041852680206,-0.2987664168929163,0.15447747974239814
3.8311868495572925e-12,0.03162277660168379,-0.5803094544605454,0.13035733493110185
3.8311868495572925e-12,0.12115276586285902,-0.9289442705334578,0.12021901433355235
3.8311868495572925e-12,0.46415888336127914,-1.1223104571872295,0.12058874553807779
3.8311868495572925e-12,1.7782794100389228,-1.183587155815185,0.12273397326879087
3.8311868495572925e-12,6.812920690579622,-1.1997141930966397,0.12383092320822789
3.8311868495572925e-12,26.10157215682544,-1.2038759258666567,0.12418916825525869
3.8311868495572925e-12,100.0,-1.2049570252498731,0.12428841183372825
1.4677992676220676e-11,1e-12,0.9999991924955707,0.9378776741462258
1.4677992676220676e-11,3.8311868495572925e-12,0.999989099875794,0.9233205837599624
1.4677992676220676e-11,1.4677992676220676e-11,0.9998786774099784,0.8778258734809765
1.4677992676220676e-11,5.6234132519034906e-11,0.9991280759462843,0.7767417427019354
1.4677992676220676e-11,2.1544346900318867e-10,0.9964732582893923,0.646579043548029
1.4677992676220676e-11,8.254041852680207e-10,0.9905903494774078,0.540012604499094
1.4677992676220676e-11,3.1622776601683795e-09,0.9793036840129926,0.47509805595278093
1.4677992676220676e-11,1.2115276586285901e-08,0.9590462439641588,0.43931684158895473
1.4677992676220676e-11,4.641588833612782e-08,0.9260905303111269,0.41588793461286305
1.4677992676220676e-11,1.7782794100389227e-07,0.8771245594578332,0.39318391995555935
1.4677992676220676e-11,6.812920690579622e-07,0.8117507527292452,0.3620337076484125
1.4677992676220676e-11,2.6101572156825386e-06,0.7274987431312021,0.3260534614387307
1.4677992676220676e-11,1e-05,0.6173536432449012,0.29185126884198
1.4677992676220676e-11,3.831186849557293e-05,0.4849197061707522,0.2626112945601718
1.4677992676220676e-11,0.00014677992676220735,0.33888304536408,0.23950456270874418
1.4677992676220676e-11,0.0005623413251903491,0.17229783622488715,0.21738983221099661
1.4677992676220676e-11,0.002154434690031887,-0.01566667125365151,0.19067958485866435
1.4677992676220676e-11,0.008254041852680206,-0.23288600158504047,0.15860439554791403
1.4677992676220676e-11,0.03162277660168379,-0.5455888332496954,0.13162356882256077
1.4677992676220676e-11,0.12115276586285902,-0.9086080864755735,0.12076879850445789
1.4677992676220676e-11,0.46415888336127914,-1.107523511090461,0.12106937826260955
1.4677992676220676e-11,1.7782794100389228,-1.170523030383671,0.1232134771669233
1.4677992676220676e-11,6.812920690579622,-1.1871279607408995,0.12431120740920752
1.4677992676220676e-11,26.10157215682544,-1.191416837217203,0.12466971573081674
1.4677992676220676e-11,100.0,-1.1925313017552543,0.12476901147391242
5.6234132519034906e-11,1e-12,0.9999999437133255,0.9419128031569518
5.6234132519034906e-11,3.8311868495572925e-12,0.9999991924947569,0.9378780279346707
5.6234132519034906e-11,1.4677992676220676e-11,0.9999890998661843,0.9233208663344202
5.6234132519034906e-11,5.6234132519034906e-11,0.9998786773497043,0.8778259365950458
5.6234132519034906e-11,2.1544346900318867e-10,0.999128075944877,0.7767412686516669
5.6234132519034906e-11,8.254041852680207e-10,0.996473247880024,0.646576388608052
5.6234132519034906e-11,3.1622776601683795e-09,0.9905902013206513,0.5399992224164067
5.6234132519034906e-11,1.2115276586285901e-08,0.9793028612843097,0.4750447225372567
5.6234132519034906e-11,4.641588833612782e-08,0.9590437971969203,0.43912824290456853
5.6234132519034906e-11,1.7782794100389227e-07,0.926096218019957,0.41537952069763107
5.6234132519034906e-11,6.812920690579622e-07,0.8772172595295763,0.39245776007956207
5.6234132519034906e-11,2.6101572156825386e-06,0.8121134673547821,0.3616154428269797
5.6234132519034906e-11,1e-05,0.7280358172721596,0.32538484202707224
5.6234132519034906e-11,3.831186849557293e-05,0.6171830160450877,0.2901360372442741
5.6234132519034906e-11,0.00014677992676220735,0.48279468474864584,0.26002655934436886
5.6234132519034906e-11,0.0005623413251903491,0.33117231711097894,0.23444928873792029
5.6234132519034906e-11,0.002154434690031887,0.1455114447740503,0.20496419314642608
5.6234132519034906e-11,0.008254041852680206,-0.0976254523007345,0.16730953995829223
5.6234132519034906e-11,0.03162277660168379,-0.4481603434019774,0.13526316538981875
5.6234132519034906e-11,0.12115276586285902,-0.8392398554086857,0.12262359221454304
5.6234132519034906e-11,0.46415888336127914,-1.0517740227468249,0.12271616144854992
5.6234132519034906e-11,1.7782794100389228,-1.1194210023178046,0.12485407885488638
5.6234132519034906e-11,6.812920690579622,-1.1373640188723813,0.12595282543593592
5.6234132519034906e-11,26.10157215682544,-1.1420134032515135,0.12631154396808128
5.6234132519034906e-11,100.0,-1.1432228158502387,0.12641093177699397
2.1544346900318867e-10,1e-12,0.9999999961419918,0.9429844977759424
2.1544346900318867e-10,3.8311868495572925e-12,0.99999994371311,0.941914153869989
2.1544346900318867e-10,1.4677992676220676e-11,0.9999991924917672,0.937879306264977
2.1544346900318867e-10,5.6234132519034906e-11,0.9999890998308593,0.9233218844739303
2.1544346900318867e-10,2.1544346900318867e-10,0.9998786771268623,0.8778261532405718
2.1544346900318867e-10,8.254041852680207e-10,0.9991280759008815,0.7767395257733419
2.1544346900318867e-10,3.1622776601683795e-09,0.9964732094804942,0.6465667517200824
2.1544346900318867e-10,1.2115276586285901e-08,0.9905896593907453,0.5399519320832232
2.1544346900318867e-10,4.641588833612782e-08,0.9792998987246413,0.4748734145306547
2.1544346900318867e-10,1.7782794100389227e-07,0.9590361556746851,0.4386865623741745
2.1544346900318867e-10,6.812920690579622e-07,0.9261200087617684,0.4147646681199046
2.1544346900318867e-10,2.6101572156825386e-06,0.8774132784401193,0.3921403244707057
2.1544346900318867e-10,1e-05,0.8124603255021371,0.3610427742521441
2.1544346900318867e-10,3.831186849557293e-05,0.7279179310014103,0.3236751616659766
2.1544346900318867e-10,0.00014677992676220735,0.6157972948054797,0.2873334806013944
2.1544346900318867e-10,0.0005623413251903491,0.47798192373393444,0.25452019876200466
2.1544346900318867e-10,0.002154434690031887,0.31428875693255065,0.2211939576142807
2.1544346900318867e-10,0.008254041852680206,0.08766208019602229,0.17960561269339573
2.1544346900318867e-10,0.03162277660168379,-0.26486946280757095,0.14209591152735884
2.1544346900318867e-10,0.12115276586285902,-0.6710691182191908,0.12686073095427805
2.1544346900318867e-10,0.46415888336127914,-0.8979882503395895,0.12663189725311774
2.1544346900318867e-10,1.7782794100389228,-0.9719752766614496,0.1287867655932008
2.1544346900318867e-10,6.812920690579622,-0.9919256996844472,0.129894284247875
2.1544346900318867e-10,26.10157215682544,-0.9971329428162719,0.13025568258264233
2.1544346900318867e-10,100.0,-0.998490577804904,0.1303557881945183
8.254041852680207e-10,1e-12,0.9999999997367377,0.9432692968869294
8.254041852680207e-10,3.8311868495572925e-12,0.9999999961419428,0.942988742148351
8.254041852680207e-10,1.4677992676220676e-11,0.9999999437124005,0.9419183360679548
8.254041852680207e-10,5.6234132519034906e-11,0.9999991924819247,0.937883254619648
8.254041852680207e-10,2.1544346900318867e-10,0.999989099714302,0.9233249923050002
8.254041852680207e-10,8.254041852680207e-10,0.9998786763783808,0.8778266743197601
8.254041852680207e-10,3.1622776601683795e-09,0.9991280753488194,0.7767337431037503
8.254041852680207e-10,1.2115276586285901e-08,0.9964730815581111,0.6465361957468018
8.254041852680207e-10,4.641588833612782e-08,0.9905879101564757,0.5398141677864327
8.254041852680207e-10,1.7782794100389227e-07,0.9792908421711883,0.4744894108627685
8.254041852680207e-10,6.812920690579622e-07,0.9590152858354832,0.4381911078096651
8.254041852680207e-10,2.6101572156825386e-06,0.926142117771273,0.414627285835478
8.254041852680207e-10,1e-05,0.8775465526891493,0.3918339712548667
8.254041852680207e-10,3.831186849557293e-05,0.8124179902758375,0.3595460242541846
8.254041852680207e-10,0.00014677992676220735,0.7271612468752644,0.320667575006354
8.254041852680207e-10,0.0005623413251903491,0.6129475231159565,0.281008857380486
8.254041852680207e-10,0.002154434690031887,0.46697411686556145,0.23975728217475348
8.254041852680207e-10,0.008254041852680206,0.2719936580423268,0.19278044571143318
8.254041852680207e-10,0.03162277660168379,-0.039833185181370245,0.1505431658247355
8.254041852680207e-10,0.12115276586285902,-0.4210370433773887,0.1329478466130353
8.254041852680207e-10,0.46415888336127914,-0.6449598039911029,0.13256368676238975
8.254041852680207e-10,1.7782794100389228,-0.7206826127437267,0.13481891374373128
8.254041852680207e-10,6.812920690579622,-0.7415442851541385,0.1359642508869437
8.254041852680207e-10,26.10157215682544,-0.7470377076553805,0.13633632477115382
8.254041852680207e-10,100.0,-0.7484738641395168,0.1364392438951039
3.1622776601683795e-09,1e-12,0.9999999999820562,0.9433503813807994
3.1622776601683795e-09,3.8311868495572925e-12,0.9999999997367297,0.9432770643548322
3.1622776601683795e-09,1.4677992676220676e-11,0.9999999961418266,0.9429964730916248
3.1622776601683795e-09,5.6234132519034906e-11,0.9999999437107194,0.9419259277421212
3.1622776601683795e-09,2.1544346900318867e-10,0.9999991924585792,0.9378903228806305
3.1622776601683795e-09,8.254041852680207e-10,0.9999890994366366,0.9233301777890272
3.1622776601683795e-09,3.1622776601683795e-09,0.9998786745306134,0.8778260656373423
3.1622776601683795e-09,1.2115276586285901e-08,0.9991280719188219,0.7767190167180839
3.1622776601683795e-09,4.641588833612782e-08,0.9964727715473016,0.6464687608050621
3.1622776601683795e-09,1.7782794100389227e-07,0.9905840304492538,0.5395636292937188
3.1622776601683795e-09,6.812920690579622e-07,0.979272720626448,0.47406437856669276
3.1622776601683795e-09,2.6101572156825386e-06,0.9589708609719138,0.4380814400219777
3.1622776601683795e-09,1e-05,0.9260946454101157,0.4146388117702103
3.1622776601683795e-09,3.831186849557293e-05,0.8774644198595132,0.390797505204016
3.1622776601683795e-09,0.00014677992676220735,0.812073105856072,0.35647991458312245
3.1622776601683795e-09,0.0005623413251903491,0.7256937567575072,0.3133619733234378
3.1622776601683795e-09,0.002154434690031887,0.6064070334810341,0.26391760212621523
3.1622776601683795e-09,0.008254041852680206,0.4364274647710279,0.20740559250179175
3.1622776601683795e-09,0.03162277660168379,0.16548721860249682,0.15850607997742344
3.1622776601683795e-09,0.12115276586285902,-0.17686649124149234,0.13867416631932356
3.1622776601683795e-09,0.46415888336127914,-0.3867453354674044,0.13848839363165028
3.1622776601683795e-09,1.7782794100389228,-0.45993600904032284,0.14100720783237083
3.1622776601683795e-09,6.812920690579622,-0.4804532423922596,0.14224030652708194
3.1622776601683795e-09,26.10157215682544,-0.48589368133012245,0.14263634196285296
3.1622776601683795e-09,100.0,-0.48731900874072376,0.1427455530798028
1.2115276586285901e-08,1e-12,0.9999999999987773,0.9433652969529901
1.2115276586285901e-08,3.8311868495572925e-12,0.9999999999820556,0.9433461523213053
1.2115276586285901e-08,1.4677992676220676e-11,0.9999999997367203,0.9432728261265859
1.2115276586285901e-08,5.6234132519034906e-11,0.999999996141688,0.9429921997748024
1.2115276586285901e-08,2.1544346900318867e-10,0.9999999437087149,0.9419215206213666
1.2115276586285901e-08,8.254041852680207e-10,0.9999991924307633,0.9378854144619921
1.2115276586285901e-08,3.1622776601683795e-09,0.999989099106548,0.923323441261755
1.2115276586285901e-08,1.2115276586285901e-08,0.9998786723230711,0.8778135452219211
1.2115276586285901e-08,4.641588833612782e-08,0.9991280654869975,0.7766911144300278
1.2115276586285901e-08,1.7782794100389227e-07,0.9964723768230067,0.6463824923826725
1.2115276586285901e-08,6.812920690579622e-07,0.9905796931495185,0.5393236105947479
1.2115276586285901e-08,2.6101572156825386e-06,0.979254243119845,0.47379023608037024
1.2115276586285901e-08,1e-05,0.958925901148168,0.43797672135882365
1.2115276586285901e-08,3.831186849557293e-05,0.9260244774019688,0.41387992686967884
1.2115276586285901e-08,0.00014677992676220735,0.877324091544888,0.3876942725723744
1.2115276586285901e-08,0.0005623413251903491,0.811456031516645,0.34794655250995765
1.2115276586285901e-08,0.002154434690031887,0.7223317060269265,0.29289877589105956
1.2115276586285901e-08,0.008254041852680206,0.5871378908685612,0.22586859526652547
1.2115276586285901e-08,0.03162277660168379,0.3532606088042821,0.16784823688806527
1.2115276586285901e-08,0.12115276586285902,0.03820627659749076,0.14443673932636777
1.2115276586285901e-08,0.46415888336127914,-0.16401199899680252,0.14422639458959205
1.2115276586285901e-08,1.7782794100389228,-0.23639173820424797,0.14703534065314122
1.2115276586285901e-08,6.812920690579622,-0.25695142732018583,0.1483726193659935
1.2115276586285901e-08,26.10157215682544,-0.2624311032754685,0.1487972340257659
1.2115276586285901e-08,100.0,-0.2638689325719241,0.14891398247029836
4.641588833612782e-08,1e-12,0.9999999999999167,0.9433055081671052
4.641588833612782e-08,3.8311868495572925e-12,0.9999999999987773,0.9433005111304165
4.641588833612782e-08,1.4677992676220676e-11,0.9999999999820554,0.943281367943775
4.641588833612782e-08,5.6234132519034906e-11,0.9999999997367169,0.9432080472815384
4.641588833612782e-08,2.1544346900318867e-10,0.999999996141639,0.942927442070385
4.641588833612782e-08,8.254041852680207e-10,0.9999999437080144,0.9418568433423747
4.641588833612782e-08,3.1622776601683795e-09,0.9999991924213781,0.937821045945792
4.641588833612782e-08,1.2115276586285901e-08,0.9999890990115141,0.9232600265049652
4.641588833612782e-08,4.641588833612782e-08,0.9998786722371469,0.8777519693703167
4.641588833612782e-08,1.7782794100389227e-07,0.9991280680857519,0.7766252092449332
4.641588833612782e-08,6.812920690579622e-07,0.9964720994326577,0.6462702067234115
4.641588833612782e-08,2.6101572156825386e-06,0.9905767922982106,0.5390920203982454
4.641588833612782e-08,1e-05,0.9792423306936967,0.47342383682120437
4.641588833612782e-08,3.831186849557293e-05,0.9589007498344034,0.4370701484959582
4.641588833612782e-08,0.00014677992676220735,0.9259965409633668,0.4105227777767472
4.641588833612782e-08,0.0005623413251903491,0.8772305177699556,0.3774580343187385
4.641588833612782e-08,0.002154434690031887,0.8102423301509355,0.32264901303765603
4.641588833612782e-08,0.008254041852680206,0.7112736121101937,0.24623497151742232
4.641588833612782e-08,0.03162277660168379,0.5254957694900833,0.17952147486876163
4.641588833612782e-08,0.12115276586285902,0.24271416497055198,0.1523307722308404
4.641588833612782e-08,0.46415888336127914,0.04680816748995331,0.15172228683983946
4.641588833612782e-08,1.7782794100389228,-0.025754948520037457,0.154746055015849
4.641588833612782e-08,6.812920690579622,-0.04665664645785106,0.156171423492807
4.641588833612782e-08,26.10157215682544,-0.052254848253147745,0.15662119800835914
4.641588833612782e-08,100.0,-0.0537258890557315,0.15674474429450194
1.7782794100389227e-07,1e-12,0.9999999999999943,0.9430415257906384
1.7782794100389227e-07,3.8311868495572925e-12,0.9999999999999167,0.9430402222410474
1.7782794100389227e-07,1.4677992676220676e-11,0.9999999999987773,0.9430352281939104
1.7782794100389227e-07,5.6234132519034906e-11,0.9999999999820559,0.9430160964592391
1.7782794100389227e-07,2.1544346900318867e-10,0.9999999997367254,0.9429428196488807
1.7782794100389227e-07,8.254041852680207e-10,0.9999999961417632,0.9426623828415337
1.7782794100389227e-07,3.1622776601683795e-09,0.9999999437098376,0.9415924345000996
1.7782794100389227e-07,1.2115276586285901e-08,0.9999991924482085,0.937559104999577
1.7782794100389227e-07,4.641588833612782e-08,0.9999890994051464,0.9230063055870602
1.7782794100389227e-07,1.7782794100389227e-07,0.9998786774984245,0.8775188653202621
1.7782794100389227e-07,6.812920690579622e-07,0.9991281035071177,0.7764056252935991
1.7782794100389227e-07,2.6101572156825386e-06,0.9964718937996838,0.645966140328962
1.7782794100389227e-07,1e-05,0.9905739953475835,0.5385130955217837
1.7782794100389227e-07,3.831186849557293e-05,0.9792317659221231,0.47214589479642355
1.7782794100389227e-07,0.00014677992676220735,0.9588957329225114,0.4332644824499591
1.7782794100389227e-07,0.0005623413251903491,0.9260933661889477,0.39853338346051825
1.7782794100389227e-07,0.002154434690031887,0.8773654292461727,0.34609346871784563
1.7782794100389227e-07,0.008254041852680206,0.804840560308256,0.2645511148631574
1.7782794100389227e-07,0.03162277660168379,0.662960868782179,0.1916264111950225
1.7782794100389227e-07,0.12115276586285902,0.41423939373691576,0.16170417405450271
1.7782794100389227e-07,0.46415888336127914,0.22396998745488716,0.16040707140773736
1.7782794100389227e-07,1.7782794100389228,0.15050872277876715,0.16368107787224784
1.7782794100389227e-07,6.812920690579622,0.12903999605110117,0.16522790905102763
1.7782794100389227e-07,26.10157215682544,0.12326348411367927,0.16571366411621746
1.7782794100389227e-07,100.0,0.12174361805587453,0.16584673261012373
6.812920690579622e-07,1e-12,0.9999999999999997,0.9421112231728607
6.812920690579622e-07,3.8311868495572925e-12,0.9999999999999943,0.9421108836441103
6.812920690579622e-07,1.4677992676220676e-11,0.9999999999999167,0.94210958285247
6.812920690579622e-07,5.6234132519034906e-11,0.9999999999987775,0.9421045993711676
6.812920690579622e-07,2.1544346900318867e-10,0.9999999999820589,0.9420855081104553
6.812920690579622e-07,8.254041852680207e-10,0.9999999997367695,0.9420123869809469
6.812920690579622e-07,3.1622776601683795e-09,0.9999999961424103,0.9417325524621647
6.812920690579622e-07,1.2115276586285901e-08,0.9999999437193016,0.940664862617465
6.812920690579622e-07,4.641588833612782e-08,0.9999991925851676,0.9366399875280993
6.812920690579622e-07,1.7782794100389227e-07,0.9999891013088099,0.9221154385655845
6.812920690579622e-07,6.812920690579622e-07,0.999878700193174,0.8766966014397977
6.812920690579622e-07,2.6101572156825386e-06,0.9991282627513407,0.7756271406295184
6.812920690579622e-07,1e-05,0.9964720091852799,0.6448760111754372
6.812920690579622e-07,3.831186849557293e-05,0.9905713596282957,0.5363932848966017
6.812920690579622e-07,0.00014677992676220735,0.9792298225860816,0.4670741021079034
6.812920690579622e-07,0.0005623413251903491,0.9589869985845029,0.41908639335290804
6.812920690579622e-07,0.002154434690031887,0.9265542563007017,0.3612196625837374
6.812920690579622e-07,0.008254041852680206,0.8752079625708482,0.27656087290996934
6.812920690579622e-07,0.03162277660168379,0.7654135957428941,0.20308308535790762
6.812920690579622e-07,0.12115276586285902,0.5402979760024929,0.1714923287620129
6.812920690579622e-07,0.46415888336127914,0.34801430523910404,0.16900167365208651
6.812920690579622e-07,1.7782794100389228,0.27037693180606137,0.1725364424331224
6.812920690579622e-07,6.812920690579622,0.2473729153354035,0.1742328909318916
6.812920690579622e-07,26.10157215682544,0.24115882354403617,0.17476423628282206
6.812920690579622e-07,100.0,0.23952207000920056,0.17490962749193287
2.6101572156825386e-06,1e-12,1.0,0.9391767273570728
2.6101572156825386e-06,3.8311868495572925e-12,0.9999999999999997,0.9391766391170933
2.6101572156825386e-06,1.4677992676220676e-11,0.9999999999999943,0.9391763010536767
2.6101572156825386e-06,5.6234132519034906e-11,0.9999999999999167,0.9391750058759312
2.6101572156825386e-06,2.1544346900318867e-10,0.9999999999987784,0.939170043901494
2.6101572156825386e-06,8.254041852680207e-10,0.9999999999820712,0.9391510350226935
2.6101572156825386e-06,3.1622776601683795e-09,0.9999999997369504,0.9390782285933668
2.6101572156825386e-06,1.2115276586285901e-08,0.9999999961450636,0.9387995887339137
2.6101572156825386e-06,4.641588833612782e-08,0.9999999437580571,0.9377363776990246
2.6101572156825386e-06,1.7782794100389227e-07,0.999999193143601,0.9337284115995744
2.6101572156825386e-06,6.812920690579622e-07,0.9999891089603199,0.919258013260661
2.6101572156825386e-06,2.6101572156825386e-06,0.9998787886031058,0.8739475766546622
2.6101572156825386e-06,1e-05,0.9991289054664603,0.7727916894176772
2.6101572156825386e-06,3.831186849557293e-05,0.9964739089670327,0.6407648104421431
2.6101572156825386e-06,0.00014677992676220735,0.9905738164436036,0.5284759503930305
2.6101572156825386e-06,0.0005623413251903491,0.9792676836894069,0.44860954298591066
2.6101572156825386e-06,0.002154434690031887,0.9592322663323334,0.37530339386164263
2.6101572156825386e-06,0.008254041852680206,0.9248028224788397,0.2845377550933229
2.6101572156825386e-06,0.03162277660168379,0.8392870384016043,0.215127356850952
2.6101572156825386e-06,0.12115276586285902,0.6257459441888658,0.18180619910144602
2.6101572156825386e-06,0.46415888336127914,0.41941694020342213,0.17729575294175318
2.6101572156825386e-06,1.7782794100389228,0.3320395714258634,0.18096679955134504
2.6101572156825386e-06,6.812920690579622,0.30581111559825225,0.18283185864658433
2.6101572156825386e-06,26.10157215682544,0.29870244154362313,0.1834162762424523
2.6101572156825386e-06,100.0,0.2968284519621961,0.18357658439536775
1e-05,1e-12,1.0,0.9304062261346828
1e-05,3.8311868495572925e-12,1.0,0.9304062030544133
1e-05,1.4677992676220676e-11,0.9999999999999997,0.9304061146296155
1e-05,5.6234132519034906e-11,0.9999999999999943,0.9304057758581226
1e-05,2.1544346900318867e-10,0.999999999999917,0.9304044779675366
1e-05,8.254041852680207e-10,0.9999999999987816,0.9303995055986901
1e-05,3.1622776601683795e-09,0.9999999999821187,0.9303804568821444
1e-05,1.2115276586285901e-08,0.9999999997376471,0.9303074976095064
1e-05,4.641588833612782e-08,0.9999999961552747,0.9300282689933721
1e-05,1.7782794100389227e-07,0.999999943907164,0.9289629711460193
1e-05,6.812920690579622e-07,0.999999195289712,0.9249439628128974
1e-05,2.6101572156825386e-06,0.9999891382560812,0.9104257772152153
1e-05,1e-05,0.9998791242375047,0.864837213166553
1e-05,3.831186849557293e-05,0.9991313590458984,0.7622706624912232
1e-05,0.00014677992676220735,0.9964820645525714,0.6255161841612165
1e-05,0.0005623413251903491,0.9905843370963532,0.5011282065387034
1e-05,0.002154434690031887,0.9792368469798818,0.39496825022039883
1e-05,0.008254041852680206,0.956810291613079,0.2955437525174147
1e-05,0.03162277660168379,0.8880562363328659,0.23129089896454108
1e-05,0.12115276586285902,0.6773501766020302,0.19432547849950235
1e-05,0.46415888336127914,0.4455935939658856,0.1867849881964561
1e-05,1.7782794100389228,0.3422604225679332,0.1908136702145798
1e-05,6.812920690579622,0.31083727710951814,0.19305890902116632
1e-05,26.10157215682544,0.30229516391793243,0.1937665432349359
1e-05,100.0,0.3000416345364004,0.19396066685435887
3.831186849557293e-05,1e-12,1.0,0.9009873064952524
3.831186849557293e-05,3.8311868495572925e-12,1.0,0.900987300280942
3.831186849557293e-05,1.4677992676220676e-11,1.0,0.9009872764727596
3.831186849557293e-05,5.6234132519034906e-11,0.9999999999999997,0.9009871852591946
3.831186849557293e-05,2.1544346900318867e-10,0.9999999999999944,0.9009868358034187
3.831186849557293e-05,8.254041852680207e-10,0.9999999999999178,0.9009854969794301
3.831186849557293e-05,3.1622776601683795e-09,0.9999999999987937,0.9009803677882522
3.831186849557293e-05,1.2115276586285901e-08,0.999999999982296,0.9009607182734235
3.831186849557293e-05,4.641588833612782e-08,0.9999999997402484,0.9008854574852558
3.831186849557293e-05,1.7782794100389227e-07,0.9999999961934035,0.9005974150723968
3.831186849557293e-05,6.812920690579622e-07,0.9999999444638261,0.8994981894345018
3.831186849557293e-05,2.6101572156825386e-06,0.9999992032958732,0.8953500099084297
3.831186849557293e-05,1e-05,0.9999892472489038,0.8803396407508987
3.831186849557293e-05,3.831186849557293e-05,0.9998803615558906,0.8329935768939448
3.831186849557293e-05,0.00014677992676220735,0.9991401216828338,0.7250384500702772
3.831186849557293e-05,0.0005623413251903491,0.9965044546930202,0.5754834353749977
3.831186849557293e-05,0.002154434690031887,0.9904567170152133,0.4289088524553014
3.831186849557293e-05,0.008254041852680206,0.9762988711144088,0.31492406914439103
3.831186849557293e-05,0.03162277660168379,0.9201124531044621,0.2546321965819624
3.831186849557293e-05,0.12115276586285902,0.7107367295393956,0.21154878510769543
3.831186849557293e-05,0.46415888336127914,0.44704293623380653,0.20062417843886848
3.831186849557293e-05,1.7782794100389228,0.32227616679803894,0.20579126314874754
3.831186849557293e-05,6.812920690579622,0.2837635530855199,0.20877418398893852
3.831186849557293e-05,26.10157215682544,0.27325957997227535,0.20971598290770838
3.831186849557293e-05,100.0,0.2704862888360505,0.20997402893075523
0.00014677992676220735,1e-12,1.0,0.8065352332500731
0.00014677992676220735,3.8311868495572925e-12,1.0,0.8065352315129322
0.00014677992676220735,1.4677992676220676e-11,1.0,0.8065352248576202
0.00014677992676220735,5.6234132519034906e-11,1.0,0.80653519935988
0.00014677992676220735,2.1544346900318867e-10,0.9999999999999997,0.8065351016733049
0.00014677992676220735,8.254041852680207e-10,0.9999999999999946,0.8065347274182482
0.00014677992676220735,3.1622776601683795e-09,0.9999999999999207,0.806533293584054
0.00014677992676220735,1.2115276586285901e-08,0.9999999999988358,0.8065278003979358
0.00014677992676220735,4.641588833612782e-08,0.9999999999829132,0.8065067564519316
0.00014677992676220735,1.7782794100389227e-07,0.9999999997493046,0.8064261548259226
0.00014677992676220735,6.812920690579622e-07,0.9999999963261244,0.8061176810090658
0.00014677992676220735,2.6101572156825386e-06,0.9999999464003907,0.8049408334203875
0.00014677992676220735,1e-05,0.9999992310877622,0.8005024420095411
0.00014677992676220735,3.831186849557293e-05,0.9999896224134378,0.7844426115790498
0.00014677992676220735,0.00014677992676220735,0.999884476970188,0.7336700271847589
0.00014677992676220735,0.0005623413251903491,0.9991644946604963,0.6179246872741267
0.00014677992676220735,0.002154434690031887,0.9964486582609717,0.46313198979943093
0.00014677992676220735,0.008254041852680206,0.9877914052225679,0.3450827425836597
0.00014677992676220735,0.03162277660168379,0.9426068174802555,0.2868517103212805
0.00014677992676220735,0.12115276586285902,0.7397761448815094,0.23519732892749287
0.00014677992676220735,0.46415888336127914,0.4411374425540583,0.2199895853030652
0.00014677992676220735,1.7782794100389228,0.288416611077566,0.22778698426081617
0.00014677992676220735,6.812920690579622,0.24031049568669227,0.23229819349321568
0.00014677992676220735,26.10157215682544,0.2271319403294092,0.23371889193704304
0.00014677992676220735,100.0,0.22364885009558566,0.2341072968099909
0.0005623413251903491,1e-12,1.0,0.5963513417716103
0.0005623413251903491,3.8311868495572925e-12,1.0,0.5963513413728705
0.0005623413251903491,1.4677992676220676e-11,1.0,0.5963513398452257
0.0005623413251903491,5.6234132519034906e-11,1.0,0.5963513339925333
0.0005623413251903491,2.1544346900318867e-10,1.0,0.5963513115697748
0.0005623413251903491,8.254041852680207e-10,0.9999999999999997,0.59635122566403
0.0005623413251903491,3.1622776601683795e-09,0.9999999999999951,0.5963508965435714
0.0005623413251903491,1.2115276586285901e-08,0.9999999999999277,0.5963496356288964
0.0005623413251903491,4.641588833612782e-08,0.9999999999989393,0.5963448049362969
0.0005623413251903491,1.7782794100389227e-07,0.9999999999844323,0.596326299222561
0.0005623413251903491,6.812920690579622e-07,0.9999999997715879,0.596255423443927
0.0005623413251903491,2.6101572156825386e-06,0.999999996652416,0.5959842232080443
0.0005623413251903491,1e-05,0.9999999511459416,0.5949502269919743
0.0005623413251903491,3.831186849557293e-05,0.9999992983378062,0.5910650192563843
0.0005623413251903491,0.00014677992676220735,0.9999904851685132,0.577178419226288
0.0005623413251903491,0.0005623413251903491,0.9998918814709395,0.5352564012594465
0.0005623413251903491,0.002154434690031887,0.9991385286584451,0.45369969667496746
0.0005623413251903491,0.008254041852680206,0.9946267263953834,0.3764425197547131
0.0005623413251903491,0.03162277660168379,0.9615136622607992,0.3270123410182781
0.0005623413251903491,0.12115276586285902,0.7790411866510087,0.26751573876734935
0.0005623413251903491,0.46415888336127914,0.44746637240520404,0.2455029331346632
0.0005623413251903491,1.7782794100389228,0.25632853001246403,0.2576855770093134
0.0005623413251903491,6.812920690579622,0.19409160071910103,0.2650432632298231
0.0005623413251903491,26.10157215682544,0.17691978280442777,0.2673820692687198
0.0005623413251903491,100.0,0.17237367898672096,0.2680218822029261
0.002154434690031887,1e-12,1.0,0.45433186441359347
0.002154434690031887,3.8311868495572925e-12,1.0,0.4543318643795789
0.002154434690031887,1.4677992676220676e-11,1.0,0.4543318642492625
0.002154434690031887,5.6234132519034906e-11,1.0,0.45433186374999557
0.002154434690031887,2.1544346900318867e-10,1.0,0.454331861837211
0.002154434690031887,8.254041852680207e-10,1.0,0.45433185450897656
0.002154434690031887,3.1622776601683795e-09,0.9999999999999996,0.4543318264331538
0.002154434690031887,1.2115276586285901e-08,0.9999999999999936,0.45433171886960727
0.002154434690031887,4.641588833612782e-08,0.9999999999999061,0.45433130677616046
0.002154434690031887,1.7782794100389227e-07,0.9999999999986215,0.45432972800730004
0.002154434690031887,6.812920690579622e-07,0.9999999999797681,0.4543236800084691
0.002154434690031887,2.6101572156825386e-06,0.9999999997030851,0.454300517205926
0.002154434690031887,1e-05,0.999999995644646,0.45421189649451715
0.002154434690031887,3.831186849557293e-05,0.999999936226344,0.45387412830200785
0.002154434690031887,0.00014677992676220735,0.9999990723714346,0.45260694197765244
0.002154434690031887,0.0005623413251903491,0.9999868145567327,0.4481064871497548
0.002154434690031887,0.002154434690031887,0.999824083717642,0.43479393048086484
0.002154434690031887,0.008254041852680206,0.9978821759051374,0.4084707696417013
0.002154434690031887,0.03162277660168379,0.9777128781380575,0.37303086115659534
0.002154434690031887,0.12115276586285902,0.839116019112687,0.3118667411021552
0.002154434690031887,0.46415888336127914,0.4985707271314658,0.2769341482190516
0.002154434690031887,1.7782794100389228,0.2561069081593066,0.293347256878918
0.002154434690031887,6.812920690579622,0.1715715122153546,0.305447292127157
0.002154434690031887,26.10157215682544,0.1478875109012766,0.3094205287450539
0.002154434690031887,100.0,0.1415948450411737,0.3105192812658809
0.008254041852680206,1e-12,1.0,0.4758362520639903
0.008254041852680206,3.8311868495572925e-12,1.0,0.47583625205176616
0.008254041852680206,1.4677992676220676e-11,1.0,0.4758362520049334
0.008254041852680206,5.6234132519034906e-11,1.0,0.4758362518255078
0.008254041852680206,2.1544346900318867e-10,1.0,0.47583625113809563
0.008254041852680206,8.254041852680207e-10,1.0,0.4758362485044916
0.008254041852680206,3.1622776601683795e-09,0.9999999999999998,0.4758362384146631
0.008254041852680206,1.2115276586285901e-08,0.9999999999999974,0.475836199758669
0.008254041852680206,4.641588833612782e-08,0.9999999999999617,0.4758360516606853
0.008254041852680206,1.7782794100389227e-07,0.9999999999994381,0.47583548427480843
0.008254041852680206,6.812920690579622e-07,0.9999999999917527,0.47583331058939976
0.008254041852680206,2.6101572156825386e-06,0.9999999998789524,0.47582498390836425
0.008254041852680206,1e-05,0.999999998223564,0.475793099178771
0.008254041852680206,3.831186849557293e-05,0.9999999739423423,0.475671212360287
0.008254041852680206,0.00014677992676220735,0.9999996184695099,0.47520804223804414
0.008254041852680206,0.0005623413251903491,0.9999944520525054,0.47348853425733284
0.008254041852680206,0.002154434690031887,0.9999213178051604,0.4676045192681824
0.008254041852680206,0.008254041852680206,0.9989692166343197,0.45220709127324427
0.008254041852680206,0.03162277660168379,0.9886873147410391,0.42569868887127216
0.008254041852680206,0.12115276586285902,0.9073732524100762,0.3706609566913094
0.008254041852680206,0.46415888336127914,0.612219446258454,0.31413337036547573
0.008254041852680206,1.7782794100389228,0.3089436728374051,0.32778574962423584
0.008254041852680206,6.812920690579622,0.1859800024412861,0.34729460820177427
0.008254041852680206,26.10157215682544,0.15025807038732386,0.35436361762411694
0.008254041852680206,100.0,0.14068703518836667,0.3563687382486702
0.03162277660168379,1e-12,1.0,0.5106312331096333
0.03162277660168379,3.8311868495572925e-12,1.0,0.510631233106714
0.03162277660168379,1.4677992676220676e-11,1.0,0.5106312330955298
0.03162277660168379,5.6234132519034906e-11,1.0,0.5106312330526813
0.03162277660168379,2.1544346900318867e-10,1.0,0.5106312328885204
0.03162277660168379,8.254041852680207e-10,1.0,0.5106312322595898
0.03162277660168379,3.1622776601683795e-09,0.9999999999999999,0.5106312298500391
0.03162277660168379,1.2115276586285901e-08,0.9999999999999991,0.5106312206186023
0.03162277660168379,4.641588833612782e-08,0.9999999999999865,0.5106311852512684
0.03162277660168379,1.7782794100389227e-07,0.9999999999998008,0.5106310497527821
0.03162277660168379,6.812920690579622e-07,0.9999999999970772,0.5106305306383082
0.03162277660168379,2.6101572156825386e-06,0.9999999999571011,0.5106285418951635
0.03162277660168379,1e-05,0.9999999993704104,0.5106209238430154
0.03162277660168379,3.831186849557293e-05,0.9999999907633733,0.5105917551741771
0.03162277660168379,0.00014677992676220735,0.9999998646762658,0.5104803551917617
0.03162277660168379,0.0005623413251903491,0.9999980276906235,0.510058322466959
0.03162277660168379,0.002154434690031887,0.9999718019625957,0.5084985508373419
0.03162277660168379,0.008254041852680206,0.9996221436292484,0.5032113040166615
0.03162277660168379,0.03162277660168379,0.9956942077754418,0.4876925220141329
0.03162277660168379,0.12115276586285902,0.961030036119515,0.442961001679577
0.03162277660168379,0.46415888336127914,0.7691597437616475,0.3656958889874384
0.03162277660168379,1.7782794100389228,0.4248536310593769,0.35816871838478326
0.03162277660168379,6.812920690579622,0.2345698934229168,0.38821035275181615
0.03162277660168379,26.10157215682544,0.17448461741563115,0.40224732017400977
0.03162277660168379,100.0,0.15808801240137327,0.4064950792335145
0.12115276586285902,1e-12,1.0,0.5619373082813292
0.12115276586285902,3.8311868495572925e-12,1.0,0.5619373082801447
0.12115276586285902,1.4677992676220676e-11,1.0,0.5619373082756072
0.12115276586285902,5.6234132519034906e-11,1.0,0.5619373082582226
0.12115276586285902,2.1544346900318867e-10,1.0,0.5619373081916195
0.12115276586285902,8.254041852680207e-10,1.0,0.561937307936451
0.12115276586285902,3.1622776601683795e-09,1.0,0.5619373069588524
0.12115276586285902,1.2115276586285901e-08,0.9999999999999999,0.5619373032134897
0.12115276586285902,4.641588833612782e-08,0.9999999999999978,0.5619372888643064
0.12115276586285902,1.7782794100389227e-07,0.9999999999999677,0.5619372338899215
0.12115276586285902,6.812920690579622e-07,0.9999999999995256,0.5619370232730424
0.12115276586285902,2.6101572156825386e-06,0.9999999999930371,0.5619362163642585
0.12115276586285902,1e-05,0.9999999998978023,0.5619331250021947
0.12115276586285902,3.831186849557293e-05,0.9999999985001776,0.5619212822419831
0.12115276586285902,0.00014677992676220735,0.9999999779987608,0.5618759225148151
0.12115276586285902,0.0005623413251903491,0.9999996778013945,0.5617023176187889
0.12115276586285902,0.002154434690031887,0.9999953113662664,0.5610400475317259
0.12115276586285902,0.008254041852680206,0.9999333113264354,0.5585411492550912
0.12115276586285902,0.03162277660168379,0.9991159821218812,0.5494403974904062
0.12115276586285902,0.12115276586285902,0.989895212669894,0.5187403597643278
0.12115276586285902,0.46415888336127914,0.9113729736477323,0.44348345882047807
0.12115276586285902,1.7782794100389228,0.6168337489615094,0.3905698787354069
0.12115276586285902,6.812920690579622,0.3231288844152389,0.4270165176889415
0.12115276586285902,26.10157215682544,0.20895469614831041,0.45791666998056196
0.12115276586285902,100.0,0.17641950237532256,0.46872052763856165
0.46415888336127914,1e-12,1.0,0.5956120433542138
0.46415888336127914,3.8311868495572925e-12,1.0,0.5956120433537166
0.46415888336127914,1.4677992676220676e-11,1.0,0.5956120433518125
0.46415888336127914,5.6234132519034906e-11,1.0,0.5956120433445181
0.46415888336127914,2.1544346900318867e-10,1.0,0.5956120433165712
0.46415888336127914,8.254041852680207e-10,1.0,0.5956120432095027
0.46415888336127914,3.1622776601683795e-09,1.0,0.5956120427993021
0.46415888336127914,1.2115276586285901e-08,1.0,0.5956120412277469
0.46415888336127914,4.641588833612782e-08,0.9999999999999998,0.5956120352068255
0.46415888336127914,1.7782794100389227e-07,0.9999999999999967,0.5956120121395526
0.46415888336127914,6.812920690579622e-07,0.9999999999999512,0.5956119237645501
0.46415888336127914,2.6101572156825386e-06,0.9999999999992835,0.595611585183851
0.46415888336127914,1e-05,0.9999999999894826,0.5956102880245044
0.46415888336127914,3.831186849557293e-05,0.9999999998456315,0.595605318461178
0.46415888336127914,0.00014677992676220735,0.999999997734442,0.5955862805517327
0.46415888336127914,0.0005623413251903491,0.999999966760899,0.5955133635355574
0.46415888336127914,0.002154434690031887,0.999999512941603,0.5952343180147013
0.46415888336127914,0.008254041852680206,0.9999928964806621,0.5941699184914057
0.46415888336127914,0.03162277660168379,0.9998981248445664,0.5901595675233984
0.46415888336127914,0.12115276586285902,0.9986127497632986,0.5756553830894531
0.46415888336127914,0.46415888336127914,0.9833826695744763,0.5300762085452109
0.46415888336127914,1.7782794100389228,0.8618584905345439,0.4440878775580853
0.46415888336127914,6.812920690579622,0.525719620906124,0.426258680624036
0.46415888336127914,26.10157215682544,0.28227548064545105,0.47914447685950023
0.46415888336127914,100.0,0.19998428894505693,0.5083747750287018
1.7782794100389228,1e-12,1.0,0.6088334987257763
1.7782794100389228,3.8311868495572925e-12,1.0,0.6088334987256189
1.7782794100389228,1.4677992676220676e-11,1.0,0.6088334987250159
1.7782794100389228,5.6234132519034906e-11,1.0,0.6088334987227061
1.7782794100389228,2.1544346900318867e-10,1.0,0.6088334987138577
1.7782794100389228,8.254041852680207e-10,1.0,0.6088334986799572
1.7782794100389228,3.1622776601683795e-09,1.0,0.6088334985500785
1.7782794100389228,1.2115276586285901e-08,1.0,0.6088334980524887
1.7782794100389228,4.641588833612782e-08,1.0,0.6088334961461278
1.7782794100389228,1.7782794100389227e-07,0.9999999999999998,0.6088334888425042
1.7782794100389228,6.812920690579622e-07,0.999999999999996,0.6088334608609605
1.7782794100389228,2.6101572156825386e-06,0.999999999999942,0.6088333536584843
1.7782794100389228,1e-05,0.9999999999991488,0.608832942946428
1.7782794100389228,3.831186849557293e-05,0.9999999999875057,0.6088313694415203
1.7782794100389228,0.00014677992676220735,0.9999999998166126,0.6088253411928823
1.7782794100389228,0.0005623413251903491,0.9999999973084895,0.608802247939736
1.7782794100389228,0.002154434690031887,0.9999999605080115,0.6087138040829839
1.7782794100389228,0.008254041852680206,0.9999994211198623,0.6083754087327083
1.7782794100389228,0.03162277660168379,0.9999915465426517,0.6070854867879231
1.7782794100389228,0.12115276586285902,0.9998782234426989,0.602242597418216
1.7782794100389228,0.46415888336127914,0.9983215798162145,0.5849623777035273
1.7782794100389228,1.7782794100389228,0.9796677490056795,0.5329699958861858
1.7782794100389228,6.812920690579622,0.837832180338076,0.44608395718041716
1.7782794100389228,26.10157215682544,0.4929448854910933,0.44390408206471743
1.7782794100389228,100.0,0.26972992124905937,0.5007080219359453
6.812920690579622,1e-12,1.0,0.6128034628237488
6.812920690579622,3.8311868495572925e-12,1.0,0.6128034628237052
6.812920690579622,1.4677992676220676e-11,1.0,0.6128034628235383
6.812920690579622,5.6234132519034906e-11,1.0,0.6128034628228992
6.812920690579622,2.1544346900318867e-10,1.0,0.6128034628204508
6.812920690579622,8.254041852680207e-10,1.0,0.6128034628110699
6.812920690579622,3.1622776601683795e-09,1.0,0.6128034627751311
6.812920690579622,1.2115276586285901e-08,1.0,0.6128034626374417
6.812920690579622,4.641588833612782e-08,1.0,0.6128034621099274
6.812920690579622,1.7782794100389227e-07,1.0,0.6128034600889232
6.812920690579622,6.812920690579622e-07,0.9999999999999997,0.6128034523460772
6.812920690579622,2.6101572156825386e-06,0.9999999999999958,0.6128034226817927
6.812920690579622,1e-05,0.9999999999999387,0.6128033090324254
6.812920690579622,3.831186849557293e-05,0.9999999999991008,0.6128028736212145
6.812920690579622,0.00014677992676220735,0.9999999999868013,0.6128012054905144
6.812920690579622,0.0005623413251903491,0.9999999998062737,0.6127948147316362
6.812920690579622,0.002154434690031887,0.9999999971567306,0.6127703329106888
6.812920690579622,0.008254041852680206,0.9999999582802113,0.6126765741116137
6.812920690579622,0.03162277660168379,0.9999993884047038,0.6123180232981854
6.812920690579622,0.12115276586285902,0.999991065556957,0.6109520494351546
6.812920690579622,0.46415888336127914,0.9998711346626998,0.6058299692587898
6.812920690579622,1.7782794100389228,0.9982183366967948,0.5876440403621975
6.812920690579622,6.812920690579622,0.9783829749348999,0.5336950405005055
6.812920690579622,26.10157215682544,0.830128042620718,0.4469794673830594
6.812920690579622,100.0,0.48351938462093436,0.4495451875280546
26.10157215682544,1e-12,1.0,0.6138820995756661
26.10157215682544,3.8311868495572925e-12,1.0,0.6138820995756542
26.10157215682544,1.4677992676220676e-11,1.0,0.61388209957561
26.10157215682544,5.6234132519034906e-11,1.0,0.6138820995754407
26.10157215682544,2.1544346900318867e-10,1.0,0.6138820995747918
26.10157215682544,8.254041852680207e-10,1.0,0.6138820995723047
26.10157215682544,3.1622776601683795e-09,1.0,0.6138820995627774
26.10157215682544,1.2115276586285901e-08,1.0,0.6138820995262761
26.10157215682544,4.641588833612782e-08,1.0,0.6138820993864333
26.10157215682544,1.7782794100389227e-07,1.0,0.613882098850669
26.10157215682544,6.812920690579622e-07,1.0,0.613882096798055
26.10157215682544,2.6101572156825386e-06,0.9999999999999997,0.6138820889341087
26.10157215682544,1e-05,0.9999999999999958,0.613882058805865
26.10157215682544,3.831186849557293e-05,0.9999999999999378,0.6138819433789854
26.10157215682544,0.00014677992676220735,0.999999999999087,0.6138815011578204
26.10157215682544,0.0005623413251903491,0.9999999999865992,0.613879806937294
26.10157215682544,0.002154434690031887,0.9999999998033063,0.6138733162290325
26.10157215682544,0.008254041852680206,0.9999999971131752,0.6138484515657149
26.10157215682544,0.03162277660168379,0.9999999576408317,0.6137532263714149
26.10157215682544,0.12115276586285902,0.9999993790158427,0.6133889274943379
26.10157215682544,0.46415888336127914,0.9999909275430335,0.6120013512660416
26.10157215682544,1.7782794100389228,0.9998691020121169,0.606800954664048
26.10157215682544,6.812920690579622,0.9981888163703981,0.5883631599380086
26.10157215682544,26.10157215682544,0.9780190195808816,0.5338821098010386
26.10157215682544,100.0,0.8279968382287981,0.44724925089846573
100.0,1e-12,1.0,0.61416656293522
100.0,3.8311868495572925e-12,1.0,0.614166562935217
100.0,1.4677992676220676e-11,1.0,0.6141665629352053
100.0,5.6234132519034906e-11,1.0,0.614166562935161
100.0,2.1544346900318867e-10,1.0,0.6141665629349907
100.0,8.254041852680207e-10,1.0,0.614166562934339
100.0,3.1622776601683795e-09,1.0,0.6141665629318422
100.0,1.2115276586285901e-08,1.0,0.6141665629222757
100.0,4.641588833612782e-08,1.0,0.614166562885625
100.0,1.7782794100389227e-07,1.0,0.614166562745208
100.0,6.812920690579622e-07,1.0,0.614166562207246
100.0,2.6101572156825386e-06,1.0,0.6141665601462122
100.0,1e-05,0.9999999999999997,0.6141665522500078
100.0,3.831186849557293e-05,0.9999999999999958,0.6141665219981763
100.0,0.00014677992676220735,0.9999999999999375,0.6141664060978101
100.0,0.0005623413251903491,0.9999999999990833,0.6141659620626353
100.0,0.002154434690031887,0.999999999986545,0.6141642608924035
100.0,0.008254041852680206,0.9999999998025115,0.6141577435600386
100.0,0.03162277660168379,0.9999999971015082,0.6141327769170637
100.0,0.12115276586285902,0.9999999574695648,0.6140371613460436
100.0,0.46415888336127914,0.9999993765009427,0.6136713716370364
100.0,1.7782794100389228,0.9999908905768496,0.6122780031540884
100.0,6.812920690579622,0.9998685577069679,0.6070567704255191
100.0,26.10157215682544,0.9981809183705432,0.5885521157793516
100.0,100.0,0.9779219041341711,0.5339306621956973
